Area,Room,Parking,Warehouse,Elevator,Address,Price,Price(usd)
63,1,1,1,1,Shahran,1850000000.0,61666.67
79,2,1,1,1,Pardis,550000000.0,18333.33
123,2,1,1,1,Shahrake Gharb,7000000000.0,233333.33
87,2,1,1,1,Pardis,600000000.0,20000.0
54,2,1,1,0,Andisheh,493000000.0,16433.33
68,2,1,1,1,West Ferdows Boulevard,2450000000.0,81666.67
54,1,0,1,1,Narmak,1690000000.0,56333.33
95,2,1,1,1,Zafar,5000000000.0,166666.67
155,3,1,1,1,Narmak,6700000000.0,223333.33
140,3,1,1,1,West Ferdows Boulevard,6400000000.0,213333.33
93,2,1,1,1,Shahrake Gharb,7000000000.0,233333.33
65,1,1,1,1,Shahran,1880000000.0,62666.67
105,2,1,1,1,Saadat Abad,7150000000.0,238333.33
77,2,1,1,1,Amirieh,1771000000.0,59033.33
110,2,1,1,1,Southern Janatabad,630000000.0,21000.0
90,2,0,1,0,Salsabil,1500000000.0,50000.0
96,2,1,1,1,Zargandeh,7872000000.0,262400.0
68,2,1,1,1,West Ferdows Boulevard,2500000000.0,83333.33
55,1,1,1,1,West Ferdows Boulevard,2150000000.0,71666.67
129,2,1,1,1,West Ferdows Boulevard,5250000000.0,175000.0
58,1,1,1,1,Saadat Abad,3400000000.0,113333.33
150,2,0,1,1,Shahrake Qods,1200000000.0,40000.0
130,3,1,1,0,ShahrAra,5000000000.0,166666.67
51,1,1,1,1,Gisha,2980000000.0,99333.33
110,2,1,1,1,Ray,2035000000.0,67833.33
98,2,1,1,1,Pardis,540000000.0,18000.0
150,3,1,1,1,Farmanieh,10000000000.0,333333.33
61,1,1,1,0,Punak,2030000000.0,67666.67
72,2,1,1,1,Shahran,2350000000.0,78333.33
122,3,1,1,1,Aqdasieh,7200000000.0,240000.0
101,2,1,1,1,Railway,3300000000.0,110000.0
72,2,1,1,0,Punak,2200000000.0,73333.33
75,2,1,1,0,Punak,2200000000.0,73333.33
122,2,1,1,1,Aqdasieh,7000000000.0,233333.33
60,1,1,1,1,West Ferdows Boulevard,2450000000.0,81666.67
90,1,0,1,0,Pakdasht KhatunAbad,850000000.0,28333.33
74,2,1,1,1,Amirieh,1700000000.0,56666.67
63,1,1,1,1,Punak,2150000000.0,71666.67
151,3,1,1,1,Saadat Abad,10200000000.0,340000.0
74,2,1,1,1,Amirieh,1700000000.0,56666.67
63,1,1,1,1,Punak,2150000000.0,71666.67
151,3,1,1,1,Saadat Abad,10200000000.0,340000.0
300,3,1,1,0,Baghestan,1500000000.0,50000.0
100,2,0,0,0,Shahrake Qods,620000000.0,20666.67
70,2,1,1,1,Northern Janatabad,3050000000.0,101666.67
76,2,1,1,1,North Program Organization,2600000000.0,86666.67
75,2,1,1,1,North Program Organization,2300000000.0,76666.67
65,2,1,1,1,Southern Program Organization,2270000000.0,75666.67
110,2,1,1,1,West Pars,4000000000.0,133333.33
128,3,1,1,1,Marzdaran,6700000000.0,223333.33
67,1,1,1,1,Punak,2300000000.0,76666.67
130,2,1,1,1,Dorous,16900000000.0,563333.33
97,2,1,1,1,Pardis,510000000.0,17000.0
150,3,1,1,1,Sadeghieh,6000000000.0,200000.0
137,3,1,1,1,ShahrAra,7200000000.0,240000.0
68,2,0,1,0,Pakdasht,430000000.0,14333.33
85,2,1,1,1,Parand,545000000.0,18166.67
71,2,1,1,1,Punak,2800000000.0,93333.33
136,3,1,1,0,Parand,750000000.0,25000.0
100,2,1,1,1,Lavizan,3300000000.0,110000.0
120,3,1,1,1,Fatemi,4800000000.0,160000.0
110,3,1,1,1,Keshavarz Boulevard,3950000000.0,131666.67
79,2,0,0,0,Baghestan,750000000.0,25000.0
78,2,1,1,1,Kahrizak,780000000.0,26000.0
100,2,1,1,0,Qarchak,1200000000.0,40000.0
44,1,1,1,0,Salsabil,1050000000.0,35000.0
50,1,0,1,0,Shahrake Qods,340000000.0,11333.33
80,2,1,1,1,Azarbaijan,2800000000.0,93333.33
160,1,0,0,0,Qarchak,3600000.0,120.0
88,2,1,1,1,Railway,2860000000.0,95333.33
140,3,1,1,1,Persian Gulf Martyrs Lake,1790000000.0,59666.67
66,2,0,1,0,Beryanak,1000000000.0,33333.33
75,2,1,0,1,Heshmatieh,3000000000.0,100000.0
150,3,1,1,1,Saadat Abad,20000000000.0,666666.67
127,2,1,1,1,Southern Janatabad,6000000000.0,200000.0
63,2,1,1,1,Southern Janatabad,2000000000.0,66666.67
105,2,1,1,1,Pardis,605000000.0,20166.67
120,3,1,0,1,Pirouzi,3700000000.0,123333.33
158,3,1,1,1,Farmanieh,10480000000.0,349333.33
144,3,1,1,1,Punak,7632000000.0,254400.0
245,3,1,1,1,Farmanieh,26950000000.0,898333.33
63,2,1,1,1,Central Janatabad,3000000000.0,100000.0
88,2,1,0,1,Gholhak,4700000000.0,156666.67
117,2,1,1,1,Islamshahr,1579500000.0,52650.0
65,1,1,1,0,Pirouzi,1750000000.0,58333.33
125,2,1,1,1,Heravi,8100000000.0,270000.0
71,2,0,1,1,Hashemi,1550000000.0,51666.67
236,4,1,1,1,Gheitarieh,20000000000.0,666666.67
60,1,1,1,1,Punak,1750000000.0,58333.33
44,1,1,1,0,Andisheh,350000000.0,11666.67
100,2,1,1,1,Pasdaran,8000000000.0,266666.67
84,2,1,1,1,Pardis,560000000.0,18666.67
55,1,0,1,0,West Ferdows Boulevard,1550000000.0,51666.67
71,2,1,1,1,Islamshahr,630000000.0,21000.0
200,3,1,1,1,Golestan,2400000000.0,80000.0
320,4,1,1,1,Saadat Abad,24000000000.0,800000.0
100,2,1,1,1,Punak,6000000000.0,200000.0
200,2,1,1,0,Damavand,3500000000.0,116666.67
210,3,1,1,1,Pasdaran,15750000000.0,525000.0
65,1,1,1,1,Southern Janatabad,3000000000.0,100000.0
83,2,1,1,1,Republic,1909000000.0,63633.33
104,2,1,1,1,East Ferdows Boulevard,5700000000.0,190000.0
103,3,1,1,1,West Ferdows Boulevard,3200000000.0,106666.67
165,3,1,1,1,Gheitarieh,12300000000.0,410000.0
86,2,1,1,1,Saadat Abad,6200000000.0,206666.67
58,1,1,1,1,East Ferdows Boulevard,1850000000.0,61666.67
82,2,1,1,1,Qazvin Imamzadeh Hassan,1886000000.0,62866.67
101,2,1,1,1,Beryanak,2323000000.0,77433.33
180,3,1,1,1,Farmanieh,20700000000.0,690000.0
81,2,1,1,1,Valiasr,1863000000.0,62100.0
166,3,1,1,1,Qalandari,12500000000.0,416666.67
113,2,1,1,1,Pasdaran,8500000000.0,283333.33
80,2,1,1,1,Central Janatabad,3350000000.0,111666.67
128,3,1,1,1,Punak,5700000000.0,190000.0
140,2,1,1,1,Shahrake Gharb,12600000000.0,420000.0
75,1,1,1,1,Central Janatabad,3000000000.0,100000.0
120,2,1,1,1,Pasdaran,7500000000.0,250000.0
105,2,1,1,1,Pardis,700000000.0,23333.33
170,3,1,1,1,Farmanieh,15350000000.0,511666.67
75,2,1,1,1,Parand,395000000.0,13166.67
62,1,1,1,1,Shahran,1850000000.0,61666.67
75,2,1,1,1,Islamshahr,715000000.0,23833.33
120,2,1,1,1,Southern Program Organization,4260000000.0,142000.0
70,2,1,1,0,West Ferdows Boulevard,2120000000.0,70666.67
81,2,1,0,1,Pardis,590000000.0,19666.67
75,2,1,1,1,East Ferdows Boulevard,2730000000.0,91000.0
115,2,1,1,1,East Ferdows Boulevard,4600000000.0,153333.33
118,2,1,1,1,East Ferdows Boulevard,4500000000.0,150000.0
76,2,1,1,1,Shahr-e-Ziba,2200000000.0,73333.33
96,2,1,1,1,Saadat Abad,4500000000.0,150000.0
43,1,1,1,0,Northern Janatabad,1620000000.0,54000.0
53,1,1,1,1,East Ferdows Boulevard,1920000000.0,64000.0
78,2,1,1,1,Shahr-e-Ziba,2250000000.0,75000.0
55,1,1,1,1,West Ferdows Boulevard,1850000000.0,61666.67
78,2,1,1,1,Southern Janatabad,3600000000.0,120000.0
170,3,1,1,1,Gheitarieh,15400000000.0,513333.33
115,3,1,1,1,Punak,4500000000.0,150000.0
85,2,1,1,1,Punak,3380000000.0,112666.67
90,2,1,1,1,Saadat Abad,6500000000.0,216666.67
75,2,1,1,1,Central Janatabad,3220000000.0,107333.33
91,2,1,1,1,Punak,3350000000.0,111666.67
140,3,1,1,1,Saadat Abad,15500000000.0,516666.67
450,2,1,1,0,Absard,4200000000.0,140000.0
110,1,1,1,1,Pasdaran,6600000000.0,220000.0
81,2,1,1,1,Shahrake Qods,810000000.0,27000.0
112,2,1,1,1,Shahr-e-Ziba,3680000000.0,122666.67
164,3,1,1,1,Marzdaran,10000000000.0,333333.33
170,3,1,1,1,Mahallati,9200000000.0,306666.67
84,2,1,1,1,Shahran,3400000000.0,113333.33
265,3,1,1,1,Farmanieh,20000000000.0,666666.67
145,3,1,1,1,Pasdaran,15500000000.0,516666.67
60,1,1,1,0,Southern Janatabad,2280000000.0,76000.0
70,2,1,1,1,Southern Janatabad,1950000000.0,65000.0
98,2,1,1,1,Pasdaran,7800000000.0,260000.0
65,1,1,1,1,Punak,2900000000.0,96666.67
59,2,1,1,1,Southern Janatabad,1900000000.0,63333.33
60,2,1,1,1,Southern Janatabad,2200000000.0,73333.33
60,1,1,1,1,Southern Janatabad,2200000000.0,73333.33
135,2,1,1,1,Zaferanieh,17500000000.0,583333.33
60,1,1,1,1,Southern Janatabad,2250000000.0,75000.0
86,2,1,1,1,Southern Janatabad,3600000000.0,120000.0
98,2,1,1,0,Narmak,2842000000.0,94733.33
143,3,1,1,1,Gheitarieh,8860000000.0,295333.33
86,2,1,1,1,Punak,3700000000.0,123333.33
200,3,1,1,1,Pasdaran,16580000000.0,552666.67
350,3,1,1,1,Zaferanieh,52500000000.0,1750000.0
82,2,1,1,1,West Ferdows Boulevard,3450000000.0,115000.0
148,3,1,1,1,Ekhtiarieh,8400000000.0,280000.0
100,2,1,1,0,Southern Janatabad,3800000000.0,126666.67
130,3,1,1,1,Central Janatabad,5300000000.0,176666.67
320,4,1,1,1,Saadat Abad,40000000000.0,1333333.33
100,2,1,1,1,Gheitarieh,8000000000.0,266666.67
145,2,1,1,1,Shahrake Gharb,14700000000.0,490000.0
235,3,1,1,1,North Program Organization,16450000000.0,548333.33
221,4,1,1,1,Saadat Abad,25000000000.0,833333.33
188,3,1,1,1,Ozgol,17672000000.0,589066.67
198,3,1,1,1,Farmanieh,27720000000.0,924000.0
170,3,1,1,1,Niavaran,18700000000.0,623333.33
650,2,1,1,0,Absard,5200000000.0,173333.33
101,3,1,1,1,Ekhtiarieh,6500000000.0,216666.67
70,2,1,1,1,Northern Janatabad,3200000000.0,106666.67
110,2,1,1,1,Feiz Garden,4300000000.0,143333.33
179,3,1,1,1,Dorous,13800000000.0,460000.0
90,2,1,1,1,Feiz Garden,3850000000.0,128333.33
96,2,1,1,1,Pasdaran,5600000000.0,186666.67
79,2,1,1,1,Abazar,3000000000.0,100000.0
125,2,1,1,1,Shahr-e-Ziba,6400000000.0,213333.33
75,2,1,1,0,Shahr-e-Ziba,1890000000.0,63000.0
105,2,1,1,1,Parand,1417500000.0,47250.0
86,2,1,1,1,Southern Janatabad,3270000000.0,109000.0
148,2,1,0,1,Koohsar,4500000000.0,150000.0
128,2,1,1,1,Niavaran,12800000000.0,426666.67
140,3,1,1,1,Pasdaran,11800000000.0,393333.33
105,2,1,1,1,Saadat Abad,5700000000.0,190000.0
75,2,1,1,0,Shahr-e-Ziba,1890000000.0,63000.0
68,1,1,1,1,Southern Program Organization,2630000000.0,87666.67
103,2,1,1,1,Hekmat,9270000000.0,309000.0
140,3,1,1,1,Punak,7700000000.0,256666.67
82,2,1,1,1,Punak,4018000000.0,133933.33
53,1,0,1,0,West Ferdows Boulevard,1640000000.0,54666.67
54,1,1,1,0,West Ferdows Boulevard,2130000000.0,71000.0
75,2,1,1,1,West Ferdows Boulevard,2800000000.0,93333.33
75,2,1,1,0,Shahr-e-Ziba,1890000000.0,63000.0
75,2,1,1,0,Shahr-e-Ziba,1890000000.0,63000.0
85,2,1,1,1,Jeyhoon,2100000000.0,70000.0
75,2,1,1,0,Shahr-e-Ziba,1890000000.0,63000.0
168,3,1,1,1,Gheitarieh,14000000000.0,466666.67
75,2,1,1,0,Shahr-e-Ziba,1890000000.0,63000.0
75,2,1,1,0,Shahr-e-Ziba,1890000000.0,63000.0
62,1,1,1,1,Shahr-e-Ziba,2580000000.0,86000.0
180,3,1,1,1,Pasdaran,9900000000.0,330000.0
75,2,1,1,0,Shahr-e-Ziba,1890000000.0,63000.0
91,2,1,1,1,Ekhtiarieh,5180000000.0,172666.67
112,2,1,1,0,Gheitarieh,7500000000.0,250000.0
123,2,1,1,1,Pirouzi,4059000000.0,135300.0
400,5,1,1,0,Lavasan,85000000000.0,2833333.33
66,1,1,0,1,Pirouzi,1850000000.0,61666.67
44,1,1,1,0,Pirouzi,880000000.0,29333.33
164,3,1,1,1,East Ferdows Boulevard,9840000000.0,328000.0
100,2,1,1,1,Shahr-e-Ziba,3400000000.0,113333.33
300,3,1,1,1,Niavaran,55500000000.0,1850000.0
85,2,1,1,1,Majidieh,2500000000.0,83333.33
57,1,0,1,1,Parastar,1270000000.0,42333.33
79,2,1,1,1,Jeyhoon,1817000000.0,60566.67
105,2,1,1,1,Pardis,1000000000.0,33333.33
160,2,1,1,1,Pardis,1930000000.0,64333.33
125,3,1,1,1,Saadat Abad,12500000000.0,416666.67
80,2,0,1,0,Northern Janatabad,2200000000.0,73333.33
99,3,1,1,1,North Program Organization,4190000000.0,139666.67
129,3,1,1,1,Shahr-e-Ziba,4500000000.0,150000.0
102,2,1,1,0,Parastar,2030000000.0,67666.67
96,2,1,1,1,Shahr-e-Ziba,3840000000.0,128000.0
300,3,1,1,1,Farmanieh,55500000000.0,1850000.0
87,2,1,1,1,Gheitarieh,6264000000.0,208800.0
61,1,1,1,1,Shahran,1850000000.0,61666.67
101,2,1,1,1,West Ferdows Boulevard,3700000000.0,123333.33
130,2,1,1,1,Southern Chitgar,3250000000.0,108333.33
144,2,1,1,1,Railway,6600000000.0,220000.0
68,2,1,1,1,West Ferdows Boulevard,2200000000.0,73333.33
71,2,1,1,1,Si Metri Ji,1633000000.0,54433.33
132,2,1,1,1,Rudhen,2244000000.0,74800.0
95,2,1,1,1,Abazar,4500000000.0,150000.0
120,2,1,1,1,Abazar,6250000000.0,208333.33
55,1,1,1,1,Karoon,1570000000.0,52333.33
85,2,1,1,1,Jeyhoon,1900000000.0,63333.33
54,1,1,1,1,Jeyhoon,1500000000.0,50000.0
101,2,1,0,1,Pirouzi,3130000000.0,104333.33
91,2,1,1,1,Punak,3230000000.0,107666.67
86,2,1,1,1,Central Janatabad,3480000000.0,116000.0
87,2,1,1,1,Pardis,760000000.0,25333.33
81,2,1,1,1,East Pars,2891700000.0,96390.0
90,2,1,1,1,Northern Chitgar,455000000.0,15166.67
60,1,1,1,1,Shahran,1850000000.0,61666.67
108,2,1,1,0,Pardis,1300000000.0,43333.33
110,2,1,1,0,Pardis,1870000000.0,62333.33
85,2,1,1,1,Pardis,780000000.0,26000.0
87,2,1,1,1,Pardis,715000000.0,23833.33
91,2,1,1,1,Salsabil,2093000000.0,69766.67
282,2,1,1,1,Niavaran,30000000000.0,1000000.0
87,2,1,1,1,Pardis,650000000.0,21666.67
89,2,1,1,1,Moniriyeh,2047000000.0,68233.33
89,2,1,1,1,Northern Janatabad,3100000000.0,103333.33
75,2,0,0,0,Air force,1650000000.0,55000.0
320,4,1,1,1,Saadat Abad,40000000000.0,1333333.33
133,3,1,1,1,Sohanak,7448000000.0,248266.67
65,1,0,1,1,Lavizan,2650000000.0,88333.33
147,3,1,1,1,Ekhtiarieh,8400000000.0,280000.0
67,1,1,1,1,Southern Janatabad,3450000000.0,115000.0
66,2,1,1,1,Narmak,2510000000.0,83666.67
180,3,1,1,1,Aqdasieh,12600000000.0,420000.0
68,1,1,1,1,West Ferdows Boulevard,3570000000.0,119000.0
115,2,1,1,1,Andisheh,1900000000.0,63333.33
78,2,1,1,1,Qasr-od-Dasht,2000000000.0,66666.67
58,1,1,1,1,Punak,2650000000.0,88333.33
235,3,1,1,1,Gheitarieh,24000000000.0,800000.0
70,2,1,1,1,Punak,2800000000.0,93333.33
79,2,1,1,1,Pardis,550000000.0,18333.33
145,3,1,1,1,Qalandari,13000000000.0,433333.33
135,3,1,1,1,Saadat Abad,11475000000.0,382500.0
87,2,1,1,1,Pardis,540000000.0,18000.0
300,4,1,1,1,Zaferanieh,42000000000.0,1400000.0
105,2,1,1,1,Velenjak,9500000000.0,316666.67
84,2,1,1,1,Pardis,560000000.0,18666.67
157,3,1,1,1,Zaferanieh,14800000000.0,493333.33
283,3,1,1,1,Zaferanieh,29700000000.0,990000.0
84,2,1,1,1,Pardis,550000000.0,18333.33
863,2,1,1,1,Gheitarieh,7830000000.0,261000.0
65,2,1,1,1,Punak,2350000000.0,78333.33
170,3,1,1,1,Farmanieh,18700000000.0,623333.33
200,3,1,1,1,Pasdaran,22000000000.0,733333.33
93,2,1,1,1,Central Janatabad,4650000000.0,155000.0
415,5,1,1,1,Niavaran,53950000000.0,1798333.33
128,3,1,1,1,Ekhtiarieh,8960000000.0,298666.67
86,2,1,1,1,Southern Janatabad,3200000000.0,106666.67
173,3,1,1,1,East Ferdows Boulevard,9515000000.0,317166.67
73,2,1,1,1,Saadat Abad,3900000000.0,130000.0
67,2,1,1,1,West Ferdows Boulevard,2200000000.0,73333.33
88,2,1,1,1,Pardis,1900000000.0,63333.33
98,2,1,1,0,West Ferdows Boulevard,3750000000.0,125000.0
80,2,1,1,1,Central Janatabad,4240000000.0,141333.33
210,4,1,1,1,Saadat Abad,15500000000.0,516666.67
150,3,1,1,1,Ekhtiarieh,12000000000.0,400000.0
130,3,1,1,1,Pasdaran,11100000000.0,370000.0
96,2,1,1,1,Shahrake Gharb,4800000000.0,160000.0
135,3,1,0,1,Saadat Abad,8700000000.0,290000.0
165,3,1,1,1,Shahrake Gharb,14800000000.0,493333.33
160,2,1,1,1,Pardis,2000000000.0,66666.67
51,1,0,1,1,Pirouzi,1300000000.0,43333.33
180,3,1,1,1,East Ferdows Boulevard,9900000000.0,330000.0
84,2,1,1,1,Shahrake Qods,1150800000.0,38360.0
105,2,1,1,1,Shahrake Qods,1365000000.0,45500.0
100,2,1,1,1,Ekhtiarieh,5500000000.0,183333.33
162,3,1,1,1,Pasdaran,7600000000.0,253333.33
150,3,1,1,1,Gheitarieh,12500000000.0,416666.67
93,2,1,1,1,Northern Janatabad,4140000000.0,138000.0
128,3,1,1,1,Gheitarieh,9300000000.0,310000.0
100,2,1,1,1,Heravi,5500000000.0,183333.33
156,3,1,1,1,Abazar,9400000000.0,313333.33
58,2,1,1,0,Central Janatabad,2080000000.0,69333.33
190,3,1,1,1,Niavaran,24700000000.0,823333.33
165,3,1,1,1,Niavaran,17200000000.0,573333.33
87,2,1,1,1,Pardis,670000000.0,22333.33
105,2,1,1,1,Pardis,955000000.0,31833.33
105,2,1,1,1,Pardis,980000000.0,32666.67
115,2,1,1,1,Shahrake Gharb,13000000000.0,433333.33
145,3,1,1,1,Heravi,7541000000.0,251366.67
261,4,1,1,1,Zaferanieh,26000000000.0,866666.67
51,1,0,1,1,Pirouzi,1275000000.0,42500.0
116,2,1,1,1,Dehkade Olampic,4350000000.0,145000.0
75,2,1,1,1,Jeyhoon,2250000000.0,75000.0
95,2,1,1,1,Punak,4200000000.0,140000.0
88,2,1,1,1,Valiasr,2024000000.0,67466.67
70,2,1,1,1,Amirieh,1630000000.0,54333.33
81,2,1,1,1,Central Janatabad,4000000000.0,133333.33
122,2,1,1,1,Aqdasieh,7000000000.0,233333.33
60,1,1,1,1,West Ferdows Boulevard,2450000000.0,81666.67
45,1,0,0,0,Ostad Moein,1200000000.0,40000.0
140,3,1,1,1,Dehkade Olampic,4400000000.0,146666.67
96,2,1,1,1,Azadshahr,3750000000.0,125000.0
125,3,1,1,1,Persian Gulf Martyrs Lake,3750000000.0,125000.0
145,2,1,1,1,Azadshahr,4500000000.0,150000.0
115,2,1,1,1,Zibadasht,4350000000.0,145000.0
66,1,1,1,1,Punak,3300000000.0,110000.0
102,2,1,1,1,Persian Gulf Martyrs Lake,4500000000.0,150000.0
95,2,1,1,1,Shahr-e-Ziba,2970000000.0,99000.0
90,2,1,1,1,East Ferdows Boulevard,3150000000.0,105000.0
48,1,1,1,1,Jeyhoon,810000000.0,27000.0
63,1,1,1,1,Salsabil,2000000000.0,66666.67
55,1,1,1,0,Komeil,1090000000.0,36333.33
155,3,1,1,1,Shahrake Gharb,10000000000.0,333333.33
106,2,1,1,0,Islamshahr,1245000000.0,41500.0
77,2,1,1,1,Shahran,2650000000.0,88333.33
105,3,1,1,1,Shahr-e-Ziba,3600000000.0,120000.0
118,2,1,1,1,Shahran,3900000000.0,130000.0
86,2,1,1,1,Pardis,500000000.0,16666.67
86,2,1,1,1,Pardis,750000000.0,25000.0
75,2,1,1,1,Central Janatabad,3300000000.0,110000.0
46,1,1,1,0,Andisheh,450000000.0,15000.0
90,2,1,1,1,Zaferanieh,6700000000.0,223333.33
40,1,1,1,1,Andisheh,350000000.0,11666.67
90,2,1,1,1,Amirabad,4590000000.0,153000.0
200,3,1,1,1,Niavaran,20000000000.0,666666.67
115,3,1,1,1,Gheitarieh,7485000000.0,249500.0
107,2,1,1,1,Pasdaran,9200000000.0,306666.67
50,1,1,1,1,Salsabil,1500000000.0,50000.0
420,5,1,1,0,Andisheh,11000000000.0,366666.67
230,3,1,1,1,Heravi,13800000000.0,460000.0
97,2,1,1,1,Pardis,900000000.0,30000.0
50,1,1,1,0,Narmak,1750000000.0,58333.33
72,1,1,1,0,Andisheh,730000000.0,24333.33
400,5,1,1,1,Ekhtiarieh,18500000000.0,616666.67
170,3,1,1,1,Heravi,7950000000.0,265000.0
57,1,1,1,1,Shahran,1950000000.0,65000.0
50,1,1,1,1,Pirouzi,1200000000.0,40000.0
78,2,0,1,0,Shahrake Qods,580000000.0,19333.33
113,2,1,1,1,Punak,6500000000.0,216666.67
111,2,1,1,1,Heravi,6050000000.0,201666.67
200,4,1,1,1,Gheitarieh,14000000000.0,466666.67
105,3,1,1,1,Heravi,6000000000.0,200000.0
61,2,1,1,0,Salsabil,1100000000.0,36666.67
185,3,1,1,1,Zargandeh,9000000000.0,300000.0
69,2,1,1,1,Mirdamad,3795000000.0,126500.0
90,2,1,1,1,Abbasabad,4000000000.0,133333.33
400,3,1,1,0,Amirabad,2000000000.0,66666.67
94,2,1,1,1,Andisheh,1250000000.0,41666.67
74,2,0,0,1,Parand,315000000.0,10500.0
100,2,1,1,1,Qasr-od-Dasht,3250000000.0,108333.33
54,2,1,1,0,Shahran,1850000000.0,61666.67
90,2,1,1,1,Karoon,2400000000.0,80000.0
68,2,0,0,0,Karoon,1100000000.0,36666.67
90,2,1,1,1,Shahran,3200000000.0,106666.67
78,2,1,1,0,Punak,2730000000.0,91000.0
97,2,1,1,1,Farmanieh,5950000000.0,198333.33
63,2,1,1,1,Feiz Garden,2100000000.0,70000.0
80,2,1,1,1,Razi,1390000000.0,46333.33
94,2,1,1,1,Razi,1712000000.0,57066.67
78,2,1,1,1,Heravi,3300000000.0,110000.0
140,3,1,1,1,Heravi,6800000000.0,226666.67
95,2,1,1,1,Shahr-e-Ziba,3150000000.0,105000.0
83,2,1,1,1,East Pars,2575000000.0,85833.33
60,2,1,1,1,Pasdaran,3450000000.0,115000.0
150,3,1,1,1,Beryanak,2800000000.0,93333.33
216,4,1,1,0,Andisheh,5700000000.0,190000.0
77,2,0,0,0,Parand,440000000.0,14666.67
125,3,1,1,0,Parand,1300000000.0,43333.33
135,3,1,1,1,Qalandari,7500000000.0,250000.0
155,3,1,1,1,Gheitarieh,9800000000.0,326666.67
95,2,1,1,1,Qalandari,6250000000.0,208333.33
110,2,1,1,1,Qalandari,8100000000.0,270000.0
63,1,1,1,1,Shahr-e-Ziba,2350000000.0,78333.33
210,3,1,1,1,Gheitarieh,14000000000.0,466666.67
171,3,1,1,1,Jordan,8900000000.0,296666.67
140,3,1,1,1,Jordan,7700000000.0,256666.67
83,2,1,1,1,Shahr-e-Ziba,2400000000.0,80000.0
55,1,1,1,1,East Ferdows Boulevard,2000000000.0,66666.67
62,2,1,1,1,Punak,2100000000.0,70000.0
75,2,1,1,0,West Ferdows Boulevard,1950000000.0,65000.0
89,2,1,1,1,Central Janatabad,3620000000.0,120666.67
51,1,1,1,0,Southern Janatabad,1720000000.0,57333.33
145,3,1,1,1,Punak,7600000000.0,253333.33
130,3,1,1,1,Shahrake Gharb,8450000000.0,281666.67
94,2,1,1,1,Shahr-e-Ziba,3160000000.0,105333.33
51,2,0,1,1,Komeil,1050000000.0,35000.0
80,2,1,1,1,Jeyhoon,2150000000.0,71666.67
155,3,1,1,1,Shahrake Gharb,9300000000.0,310000.0
175,3,1,1,1,Gheitarieh,15225000000.0,507500.0
89,2,1,1,1,Ekhtiarieh,3300000000.0,110000.0
136,3,1,1,1,Punak,7550000000.0,251666.67
120,3,1,1,1,Southern Janatabad,5000000000.0,166666.67
160,3,1,1,1,Shahrake Gharb,12500000000.0,416666.67
71,2,1,1,0,Andisheh,940000000.0,31333.33
80,2,1,1,0,Andisheh,1110000000.0,37000.0
77,2,1,1,1,Gheitarieh,5544000000.0,184800.0
130,3,1,1,1,Shahr-e-Ziba,5400000000.0,180000.0
75,2,0,1,1,Parand,389000000.0,12966.67
65,1,1,1,1,Central Janatabad,3500000000.0,116666.67
140,3,1,1,1,Southern Chitgar,1484000000.0,49466.67
102,2,1,1,1,Gheitarieh,8100000000.0,270000.0
49,1,1,1,0,Andisheh,380000000.0,12666.67
48,1,1,1,0,Salsabil,995000000.0,33166.67
128,3,1,1,1,Marzdaran,5200000000.0,173333.33
85,2,1,1,1,Northern Janatabad,3200000000.0,106666.67
78,2,1,0,0,Islamshahr,550000000.0,18333.33
92,2,1,0,1,Pirouzi,2760000000.0,92000.0
105,3,1,1,1,East Ferdows Boulevard,3900000000.0,130000.0
76,2,1,1,0,West Ferdows Boulevard,2400000000.0,80000.0
161,3,1,1,1,Gheitarieh,15350000000.0,511666.67
50,1,1,0,1,Ray,750000000.0,25000.0
54,1,1,1,1,East Ferdows Boulevard,2150000000.0,71666.67
100,2,1,1,1,East Ferdows Boulevard,3500000000.0,116666.67
57,1,1,1,1,East Ferdows Boulevard,2050000000.0,68333.33
100,2,1,1,1,Ostad Moein,3600000000.0,120000.0
115,2,1,1,1,East Ferdows Boulevard,4200000000.0,140000.0
75,2,1,1,1,East Ferdows Boulevard,2350000000.0,78333.33
75,2,1,1,0,West Ferdows Boulevard,2450000000.0,81666.67
106,2,1,1,1,East Ferdows Boulevard,3500000000.0,116666.67
58,1,1,1,1,East Ferdows Boulevard,2080000000.0,69333.33
50,1,1,1,1,West Ferdows Boulevard,1900000000.0,63333.33
60,1,1,1,1,East Ferdows Boulevard,1920000000.0,64000.0
57,1,1,1,1,West Ferdows Boulevard,2300000000.0,76666.67
71,2,1,1,0,East Ferdows Boulevard,2280000000.0,76000.0
50,1,1,1,1,West Ferdows Boulevard,1950000000.0,65000.0
54,1,1,1,1,East Ferdows Boulevard,2050000000.0,68333.33
85,2,1,1,1,West Ferdows Boulevard,3450000000.0,115000.0
55,1,1,1,1,East Ferdows Boulevard,1920000000.0,64000.0
58,1,1,1,1,Shahr-e-Ziba,1850000000.0,61666.67
100,2,1,1,1,West Ferdows Boulevard,3450000000.0,115000.0
105,2,1,1,1,Persian Gulf Martyrs Lake,3250000000.0,108333.33
53,1,1,1,1,Feiz Garden,2120000000.0,70666.67
76,2,1,1,1,East Ferdows Boulevard,2250000000.0,75000.0
77,2,1,1,1,Golestan,2150000000.0,71666.67
94,2,1,1,0,Southern Program Organization,3200000000.0,106666.67
108,2,1,1,1,Golestan,3300000000.0,110000.0
84,2,1,1,1,North Program Organization,3250000000.0,108333.33
53,1,0,1,1,Pardis,470000000.0,15666.67
73,2,0,0,1,Pirouzi,1970000000.0,65666.67
114,2,1,1,1,Pirouzi,3762000000.0,125400.0
53,1,0,1,1,Pardis,540000000.0,18000.0
145,3,1,1,1,Gheitarieh,13625000000.0,454166.67
105,2,1,1,1,Koohsar,4000000000.0,133333.33
137,3,1,1,1,Shams Abad,4660000000.0,155333.33
125,2,1,1,1,Southern Janatabad,6625000000.0,220833.33
52,1,1,1,1,East Ferdows Boulevard,2300000000.0,76666.67
110,3,1,1,1,Persian Gulf Martyrs Lake,3100000000.0,103333.33
65,2,1,1,1,Shahran,2150000000.0,71666.67
105,2,1,1,1,Persian Gulf Martyrs Lake,2800000000.0,93333.33
108,2,1,1,1,Golestan,1900000000.0,63333.33
85,2,1,1,1,Parand,520000000.0,17333.33
145,3,1,1,1,Saadat Abad,11000000000.0,366666.67
140,3,1,1,1,Punak,6200000000.0,206666.67
121,3,1,1,1,Persian Gulf Martyrs Lake,3650000000.0,121666.67
150,2,0,1,1,Chardangeh,1200000000.0,40000.0
108,2,1,1,1,Persian Gulf Martyrs Lake,3350000000.0,111666.67
64,1,0,0,1,Fallah,900000000.0,30000.0
50,1,1,1,1,West Ferdows Boulevard,1950000000.0,65000.0
93,2,1,1,1,Fallah,1510000000.0,50333.33
64,1,0,1,0,Eskandari,1050000000.0,35000.0
107,2,1,1,1,Persian Gulf Martyrs Lake,3500000000.0,116666.67
115,2,1,1,1,Gheitarieh,7400000000.0,246666.67
120,2,1,1,1,Gholhak,8400000000.0,280000.0
106,2,1,1,1,North Program Organization,4520000000.0,150666.67
87,2,0,0,1,Ray,1570000000.0,52333.33
70,2,1,1,1,Punak,2580000000.0,86000.0
365,4,1,1,1,Dorous,47450000000.0,1581666.67
50,1,1,1,1,West Ferdows Boulevard,1950000000.0,65000.0
165,3,1,1,1,Marzdaran,10230000000.0,341000.0
93,2,1,0,1,Shahr-e-Ziba,2900000000.0,96666.67
57,1,1,1,1,Ostad Moein,1600000000.0,53333.33
146,3,1,1,1,Marzdaran,8500000000.0,283333.33
50,1,1,1,1,Southern Program Organization,1980000000.0,66000.0
108,2,1,1,1,Mahallati,7000000000.0,233333.33
220,3,1,1,1,Elahieh,35200000000.0,1173333.33
90,2,1,1,1,Shahrakeh Naft,5500000000.0,183333.33
142,3,1,1,1,Punak,7550000000.0,251666.67
85,2,1,1,1,Shahran,3300000000.0,110000.0
100,2,1,1,1,Ajudaniye,6500000000.0,216666.67
150,3,1,1,1,Niavaran,15000000000.0,500000.0
200,3,1,0,1,West Pars,10000000000.0,333333.33
82,2,1,1,1,Persian Gulf Martyrs Lake,2350000000.0,78333.33
96,2,1,1,1,Northern Janatabad,3900000000.0,130000.0
105,2,1,1,1,Pardis,940000000.0,31333.33
87,2,1,1,1,Shahr-e-Ziba,3000000000.0,100000.0
135,3,1,1,1,Marzdaran,7425000000.0,247500.0
80,2,1,1,1,Southern Janatabad,3500000000.0,116666.67
88,2,1,1,1,Qazvin Imamzadeh Hassan,1550000000.0,51666.67
130,3,1,1,1,Feiz Garden,5600000000.0,186666.67
86,2,1,1,1,Southern Janatabad,4500000000.0,150000.0
125,3,1,1,1,Punak,6300000000.0,210000.0
70,2,1,1,1,Southern Janatabad,2000000000.0,66666.67
64,2,1,1,1,Southern Janatabad,2100000000.0,70000.0
70,2,1,1,1,Southern Janatabad,2500000000.0,83333.33
125,3,1,1,1,Gheitarieh,7100000000.0,236666.67
67,2,1,0,0,West Ferdows Boulevard,2200000000.0,73333.33
64,2,1,1,0,Jeyhoon,1500000000.0,50000.0
97,2,1,1,1,Pardis,770000000.0,25666.67
70,1,1,1,1,West Ferdows Boulevard,2400000000.0,80000.0
105,2,1,1,1,Pardis,950000000.0,31666.67
57,1,1,1,1,Southern Program Organization,2750000000.0,91666.67
95,2,1,1,1,West Ferdows Boulevard,3300000000.0,110000.0
100,2,0,1,0,Tehransar,2000000000.0,66666.67
93,2,1,1,1,Gheitarieh,6000000000.0,200000.0
133,4,1,1,0,Jeyhoon,4700000000.0,156666.67
140,3,1,1,1,Persian Gulf Martyrs Lake,4800000000.0,160000.0
120,2,1,1,0,Amirabad,4500000000.0,150000.0
130,2,1,1,0,Gheitarieh,6890000000.0,229666.67
150,3,0,0,0,Gheitarieh,10500000000.0,350000.0
60,1,1,1,1,Central Janatabad,3350000000.0,111666.67
125,2,1,1,1,Shahrake Gharb,9750000000.0,325000.0
105,2,1,1,1,Shahr-e-Ziba,4100000000.0,136666.67
102,2,1,1,1,Southern Janatabad,5600000000.0,186666.67
66,2,1,1,0,Punak,2250000000.0,75000.0
132,3,1,1,1,Parand,2050000000.0,68333.33
270,5,1,1,0,Yousef Abad,13500000000.0,450000.0
160,3,1,1,1,Amirabad,8320000000.0,277333.33
75,2,1,1,1,Shahran,1980000000.0,66000.0
85,2,1,1,1,Northern Suhrawardi,4500000000.0,150000.0
130,3,1,1,1,Saadat Abad,8500000000.0,283333.33
95,2,1,1,1,Saadat Abad,5500000000.0,183333.33
65,2,1,1,1,Salsabil,1750000000.0,58333.33
94,2,1,1,1,Villa,4130000000.0,137666.67
105,2,1,1,1,Pardis,550000000.0,18333.33
105,2,1,1,1,Pardis,875000000.0,29166.67
100,2,1,1,1,Hakimiyeh,3100000000.0,103333.33
100,2,0,1,1,Shahr-e-Ziba,3300000000.0,110000.0
55,1,0,0,0,West Ferdows Boulevard,1900000000.0,63333.33
123,3,1,1,1,Nezamabad,3300000000.0,110000.0
130,3,1,1,1,Jeyhoon,2800000000.0,93333.33
135,3,1,1,1,Qasr-od-Dasht,2950000000.0,98333.33
120,2,1,1,1,Southern Program Organization,4250000000.0,141666.67
200,3,1,1,1,Ozgol,18000000000.0,600000.0
80,2,1,1,1,Shahran,3550000000.0,118333.33
85,2,1,1,1,Shahran,2380000000.0,79333.33
115,2,1,1,1,Tajrish,8200000000.0,273333.33
65,1,1,1,1,Shahran,2220000000.0,74000.0
106,2,1,1,1,Yousef Abad,5700000000.0,190000.0
92,2,1,1,1,Shahr-e-Ziba,2700000000.0,90000.0
92,2,1,1,1,Pasdaran,6700000000.0,223333.33
85,2,1,1,1,Central Janatabad,3150000000.0,105000.0
100,2,1,1,1,East Ferdows Boulevard,3400000000.0,113333.33
121,2,1,1,1,Garden of Saba,7500000000.0,250000.0
98,2,1,1,1,West Ferdows Boulevard,4400000000.0,146666.67
87,2,1,1,1,West Ferdows Boulevard,2830000000.0,94333.33
49,1,0,0,1,Punak,2300000000.0,76666.67
130,3,1,1,1,Yousef Abad,8000000000.0,266666.67
66,2,1,1,1,Ostad Moein,1585000000.0,52833.33
88,2,1,1,1,Central Janatabad,3400000000.0,113333.33
90,2,1,1,1,Qalandari,6560000000.0,218666.67
75,2,1,1,1,Tarasht,2150000000.0,71666.67
204,3,1,1,1,Elahieh,32640000000.0,1088000.0
54,1,1,1,0,Andisheh,500000000.0,16666.67
90,2,1,1,1,Feiz Garden,3600000000.0,120000.0
71,2,1,1,1,East Ferdows Boulevard,2530000000.0,84333.33
116,3,1,1,1,Pasdaran,8100000000.0,270000.0
79,2,1,1,1,West Ferdows Boulevard,2400000000.0,80000.0
135,2,1,1,1,Dorous,10000000000.0,333333.33
75,2,1,1,0,Shahr-e-Ziba,1890000000.0,63000.0
87,2,1,1,1,West Ferdows Boulevard,3800000000.0,126666.67
108,2,1,1,1,West Ferdows Boulevard,3950000000.0,131666.67
100,2,1,1,1,Shahr-e-Ziba,5100000000.0,170000.0
140,3,1,1,1,Shahrake Gharb,9200000000.0,306666.67
73,2,1,1,0,Southern Janatabad,2108000000.0,70266.67
75,2,1,1,0,Northern Janatabad,2385000000.0,79500.0
80,2,1,1,1,Si Metri Ji,2220000000.0,74000.0
66,2,1,1,1,Ostad Moein,1585000000.0,52833.33
105,3,1,1,1,Parand,1260000000.0,42000.0
120,2,1,1,1,Shahrake Gharb,7500000000.0,250000.0
140,3,1,1,1,Shahrake Gharb,10000000000.0,333333.33
56,1,1,1,1,Punak,1950000000.0,65000.0
97,2,1,1,1,Yousef Abad,5000000000.0,166666.67
60,2,1,1,0,Central Janatabad,1650000000.0,55000.0
54,1,0,1,1,Punak,2000000000.0,66666.67
92,2,1,1,1,Feiz Garden,3950000000.0,131666.67
76,2,1,1,1,Andisheh,896000000.0,29866.67
135,3,1,1,1,Farmanieh,11500000000.0,383333.33
87,2,1,1,1,Pardis,500000000.0,16666.67
100,2,1,1,0,Yousef Abad,4300000000.0,143333.33
600,2,1,1,1,Qalandari,9150000000.0,305000.0
98,2,1,1,1,Gheitarieh,6958000000.0,231933.33
108,2,1,1,1,West Ferdows Boulevard,5616000000.0,187200.0
73,2,1,1,1,Razi,1230000000.0,41000.0
80,2,1,1,1,Southern Program Organization,3680000000.0,122666.67
130,2,1,1,1,Qalandari,8500000000.0,283333.33
56,1,1,1,1,Shahran,1900000000.0,63333.33
110,2,1,1,1,West Ferdows Boulevard,3750000000.0,125000.0
179,3,1,1,1,Pasdaran,9645000000.0,321500.0
110,3,1,1,1,Saadat Abad,5200000000.0,173333.33
101,2,1,1,1,Saadat Abad,5550000000.0,185000.0
157,3,1,1,1,Heravi,9850000000.0,328333.33
90,2,1,1,1,Qazvin Imamzadeh Hassan,1620000000.0,54000.0
120,3,1,1,1,Persian Gulf Martyrs Lake,1272000000.0,42400.0
60,1,1,1,1,Yousef Abad,3250000000.0,108333.33
100,2,1,1,1,Pardis,790000000.0,26333.33
62,2,1,1,1,Central Janatabad,3500000000.0,116666.67
400,5,1,1,0,Mirdamad,56000000000.0,1866666.67
105,2,1,1,1,Pardis,860000000.0,28666.67
115,3,1,1,1,Punak,6670000000.0,222333.33
77,2,1,1,0,Central Janatabad,2400000000.0,80000.0
65,1,1,1,1,Shahran,1880000000.0,62666.67
130,3,1,1,1,Yousef Abad,7800000000.0,260000.0
143,3,1,1,1,Northern Janatabad,4400000000.0,146666.67
155,3,1,1,1,West Ferdows Boulevard,5000000000.0,166666.67
96,2,1,1,1,Ekbatan,4200000000.0,140000.0
147,3,1,1,1,Heravi,9100000000.0,303333.33
76,2,1,1,1,Ekbatan,3600000000.0,120000.0
194,3,1,1,1,Niavaran,19858000000.0,661933.33
79,2,0,1,0,Northern Janatabad,3200000000.0,106666.67
70,2,1,1,1,Southern Program Organization,2500000000.0,83333.33
87,2,0,1,1,Pardis,500000000.0,16666.67
91,2,1,1,1,Tarasht,3100000000.0,103333.33
68,2,1,1,1,North Program Organization,2450000000.0,81666.67
68,1,1,1,1,Ekbatan,3100000000.0,103333.33
89,2,1,1,1,Shahran,3190000000.0,106333.33
65,1,1,1,0,Punak,2250000000.0,75000.0
145,3,1,1,1,Niavaran,14500000000.0,483333.33
192,3,1,1,1,Kamranieh,33490000000.0,1116333.33
160,3,1,1,1,Niavaran,18400000000.0,613333.33
75,2,0,1,1,Shahrake Qods,620000000.0,20666.67
58,1,1,1,1,Ekbatan,2850000000.0,95000.0
44,1,0,1,0,Pirouzi,790000000.0,26333.33
87,2,1,1,1,Amirabad,550000000.0,18333.33
120,3,1,1,1,Persian Gulf Martyrs Lake,1750000000.0,58333.33
78,2,0,0,0,Parand,455000000.0,15166.67
195,3,1,1,1,Velenjak,19500000000.0,650000.0
90,2,1,1,1,Persian Gulf Martyrs Lake,1315000000.0,43833.33
350,4,1,1,1,Niavaran,80500000000.0,2683333.33
87,2,1,1,1,Pardis,890000000.0,29666.67
92,2,1,1,1,Southern Janatabad,3990000000.0,133000.0
87,2,1,1,1,Shahr-e-Ziba,3050000000.0,101666.67
85,2,1,1,0,Southern Janatabad,3400000000.0,113333.33
138,2,1,1,1,Zaferanieh,17250000000.0,575000.0
94,2,1,1,1,Qazvin Imamzadeh Hassan,1712000000.0,57066.67
100,2,1,1,1,Niavaran,6200000000.0,206666.67
44,1,0,1,0,Parastar,1030000000.0,34333.33
280,4,1,1,1,Velenjak,30800000000.0,1026666.67
180,3,1,1,1,Ajudaniye,13500000000.0,450000.0
83,2,1,1,1,Central Janatabad,3859000000.0,128633.33
68,2,0,1,0,Pirouzi,1380000000.0,46000.0
140,3,1,1,1,Andisheh,1484000000.0,49466.67
75,2,0,1,1,Kahrizak,862500000.0,28750.0
87,2,1,1,1,Abazar,5655000000.0,188500.0
110,2,1,1,1,Pardis,535000000.0,17833.33
238,3,1,1,1,Velenjak,42840000000.0,1428000.0
100,2,1,1,1,Qazvin Imamzadeh Hassan,1850000000.0,61666.67
80,2,1,1,1,Parastar,3360000000.0,112000.0
114,3,1,1,1,Saadat Abad,6800000000.0,226666.67
146,3,1,1,1,Heravi,7600000000.0,253333.33
86,2,1,1,1,Amirabad,4730000000.0,157666.67
60,1,1,1,1,West Ferdows Boulevard,3300000000.0,110000.0
97,2,1,1,1,Hashemi,2300000000.0,76666.67
110,2,1,1,0,Saadat Abad,12500000000.0,416666.67
110,2,1,1,1,Punak,6490000000.0,216333.33
105,2,1,1,1,Railway,5000000000.0,166666.67
69,2,1,1,1,Pirouzi,1800000000.0,60000.0
160,2,1,1,1,Yousef Abad,8600000000.0,286666.67
121,2,1,1,1,Narmak,5500000000.0,183333.33
83,2,1,1,0,West Ferdows Boulevard,2400000000.0,80000.0
55,1,1,1,1,Pirouzi,1750000000.0,58333.33
86,2,1,0,1,Air force,3000000000.0,100000.0
65,1,1,1,0,Araj,3100000000.0,103333.33
226,4,1,1,1,Mahmoudieh,17000000000.0,566666.67
85,1,1,1,1,Kamranieh,7100000000.0,236666.67
170,3,1,1,1,Niavaran,14000000000.0,466666.67
360,4,1,1,1,Niavaran,38000000000.0,1266666.67
120,3,1,1,1,Punak,6660000000.0,222000.0
150,3,1,1,1,Pasdaran,11456000000.0,381866.67
85,2,1,1,1,Punak,3300000000.0,110000.0
120,3,1,1,1,Pardis,670000000.0,22333.33
105,3,1,1,0,Andisheh,3400000000.0,113333.33
51,1,1,1,1,Tenant,1380000000.0,46000.0
130,3,1,1,1,Saadat Abad,10500000000.0,350000.0
100,2,1,1,1,Punak,5650000000.0,188333.33
290,4,1,1,1,Farmanieh,34000000000.0,1133333.33
200,3,1,1,1,Aqdasieh,34800000000.0,1160000.0
37,1,0,1,0,Andisheh,355000000.0,11833.33
150,3,1,1,1,Sadeghieh,5400000000.0,180000.0
160,3,1,1,1,Gheitarieh,9800000000.0,326666.67
165,2,1,1,1,Pakdasht,1200000000.0,40000.0
400,5,1,1,0,Andisheh,11000000000.0,366666.67
88,2,1,1,1,West Ferdows Boulevard,3100000000.0,103333.33
86,2,1,1,1,Air force,2924000000.0,97466.67
200,3,1,1,1,Kook,12000000000.0,400000.0
90,2,1,1,1,Gheitarieh,7000000000.0,233333.33
84,2,1,1,1,Pirouzi,2688000000.0,89600.0
114,2,1,1,1,Persian Gulf Martyrs Lake,3690000000.0,123000.0
113,2,1,1,1,Persian Gulf Martyrs Lake,3800000000.0,126666.67
45,1,0,1,0,Shahran,1580000000.0,52666.67
155,2,1,1,1,Pardis,1900000000.0,63333.33
67,2,1,1,1,East Ferdows Boulevard,2380000000.0,79333.33
65,1,1,1,1,Gheitarieh,4225000000.0,140833.33
54,1,1,1,0,Aqdasieh,3500000000.0,116666.67
42,1,0,1,1,Jeyhoon,1050000000.0,35000.0
56,1,1,1,1,Punak,2850000000.0,95000.0
80,2,1,1,0,Rudhen,750000000.0,25000.0
117,2,0,1,1,Rudhen,1580000000.0,52666.67
114,2,1,1,1,Abazar,6700000000.0,223333.33
160,3,1,1,1,Andisheh,3000000000.0,100000.0
104,2,1,1,1,Abazar,3400000000.0,113333.33
120,2,1,1,0,Andisheh,1800000000.0,60000.0
76,2,1,1,1,Abazar,3000000000.0,100000.0
71,2,0,1,0,Northern Janatabad,2600000000.0,86666.67
104,2,1,0,1,Air force,4200000000.0,140000.0
82,2,1,1,1,Abazar,3800000000.0,126666.67
350,5,1,1,1,Gheitarieh,35000000000.0,1166666.67
40,1,0,1,1,Karoon,880000000.0,29333.33
46,1,1,1,0,Jeyhoon,750000000.0,25000.0
80,2,1,1,1,Jeyhoon,1500000000.0,50000.0
60,1,0,1,0,Jeyhoon,1020000000.0,34000.0
89,2,1,0,1,Andisheh,1100000000.0,36666.67
45,1,1,1,1,Qasr-od-Dasht,1300000000.0,43333.33
85,2,1,1,1,Dorous,4200000000.0,140000.0
108,2,1,1,1,Shahran,4300000000.0,143333.33
76,2,1,0,1,Punak,4250000000.0,141666.67
79,2,1,1,1,Punak,3250000000.0,108333.33
73,2,1,1,1,Punak,3550000000.0,118333.33
85,2,1,1,1,Shahr-e-Ziba,2750000000.0,91666.67
95,2,1,1,1,Andisheh,1200000000.0,40000.0
88,2,0,0,1,Parand,485000000.0,16166.67
75,2,0,1,0,Malard,250000000.0,8333.33
105,3,1,1,1,Ostad Moein,2910000000.0,97000.0
67,2,1,1,1,Feiz Garden,2120000000.0,70666.67
125,2,1,1,1,Gheitarieh,12500000000.0,416666.67
195,3,1,1,1,Gheitarieh,19000000000.0,633333.33
99,2,1,1,1,Punak,4200000000.0,140000.0
100,2,1,1,1,Punak,4300000000.0,143333.33
106,2,1,1,1,Pardis,560000000.0,18666.67
228,3,1,1,1,Zaferanieh,20292000000.0,676400.0
84,3,1,1,1,Shahran,3050000000.0,101666.67
66,2,1,0,1,Ostad Moein,1580000000.0,52666.67
101,2,1,1,1,Central Janatabad,4700000000.0,156666.67
60,2,1,1,0,Pirouzi,1450000000.0,48333.33
70,2,1,1,1,Punak,2700000000.0,90000.0
230,3,1,1,1,Farmanieh,22000000000.0,733333.33
87,2,0,0,1,Pardis,810000000.0,27000.0
105,2,1,1,1,Pardis,555000000.0,18500.0
108,2,1,1,1,Shams Abad,4550000000.0,151666.67
75,2,1,1,0,Central Janatabad,2750000000.0,91666.67
105,2,1,1,1,Pardis,550000000.0,18333.33
43,1,1,1,1,Shams Abad,1800000000.0,60000.0
48,1,1,1,0,Salsabil,1048000000.0,34933.33
134,3,1,1,1,Andisheh,1100000000.0,36666.67
230,3,1,1,1,Farmanieh,20700000000.0,690000.0
48,1,1,1,0,Salsabil,995000000.0,33166.67
105,2,0,1,0,Andisheh,1100000000.0,36666.67
86,2,1,1,1,Pardis,780000000.0,26000.0
87,2,1,1,1,Pardis,960000000.0,32000.0
112,2,1,1,1,Yousef Abad,5600000000.0,186666.67
125,2,1,1,1,Pardis,2100000000.0,70000.0
100,2,1,1,1,Pirouzi,2600000000.0,86666.67
100,2,1,1,1,Pirouzi,4000000000.0,133333.33
87,2,1,1,1,Pardis,720000000.0,24000.0
85,2,1,1,1,Pardis,730000000.0,24333.33
110,2,1,1,1,Yousef Abad,5700000000.0,190000.0
220,3,1,1,1,Niavaran,19800000000.0,660000.0
100,2,1,1,1,Gheitarieh,6800000000.0,226666.67
45,1,0,1,0,Andisheh,395000000.0,13166.67
138,3,1,1,1,Islamshahr,1690000000.0,56333.33
55,1,1,1,1,Saadat Abad,4000000000.0,133333.33
108,2,1,1,1,Persian Gulf Martyrs Lake,3024000000.0,100800.0
101,2,1,1,1,Gheitarieh,8800000000.0,293333.33
99,1,1,1,1,Gheitarieh,8400000000.0,280000.0
8400000000,2,1,1,1,Gheitarieh,8700000000.0,290000.0
105,2,1,1,1,Pardis,525000000.0,17500.0
100,2,1,1,1,Gheitarieh,8300000000.0,276666.67
146,3,1,1,1,Saadat Abad,10800000000.0,360000.0
60,2,0,1,0,Shahrake Azadi,1680000000.0,56000.0
85,2,1,1,0,Air force,2700000000.0,90000.0
132,3,1,1,1,Pasdaran,9900000000.0,330000.0
70,2,0,1,0,Pirouzi,1550000000.0,51666.67
88,2,1,1,1,Punak,2980000000.0,99333.33
65,2,1,1,0,Pirouzi,1650000000.0,55000.0
63,1,1,1,1,Ostad Moein,1380000000.0,46000.0
57,1,1,1,1,Qasr-od-Dasht,1200000000.0,40000.0
85,2,1,1,1,Shahr-e-Ziba,3450000000.0,115000.0
88,3,0,0,1,Parand,520000000.0,17333.33
76,2,0,0,0,Parand,365000000.0,12166.67
49,1,1,1,1,Punak,2694000000.0,89800.0
95,2,1,1,0,Punak,3900000000.0,130000.0
86,2,1,1,1,Niavaran,5580000000.0,186000.0
90,2,1,1,1,Golestan,690000000.0,23000.0
157,3,1,1,1,Gheitarieh,13600000000.0,453333.33
190,3,1,1,1,Gheitarieh,15500000000.0,516666.67
150,3,1,1,1,Gheitarieh,11000000000.0,366666.67
91,2,1,1,1,Tehran Now,3000000000.0,100000.0
245,3,1,1,1,Niavaran,21560000000.0,718666.67
150,2,1,1,1,Gheitarieh,13000000000.0,433333.33
106,2,1,1,1,West Ferdows Boulevard,3900000000.0,130000.0
125,2,1,1,1,Gheitarieh,11000000000.0,366666.67
160,3,1,1,1,Niavaran,16800000000.0,560000.0
115,3,1,1,1,Feiz Garden,3500000000.0,116666.67
93,2,1,1,1,Southern Janatabad,4600000000.0,153333.33
90,2,1,1,1,Southern Janatabad,3000000000.0,100000.0
135,3,1,1,1,Shahrake Gharb,9000000000.0,300000.0
53,1,1,1,1,Azarbaijan,1500000000.0,50000.0
72,2,1,1,0,Qasr-od-Dasht,1615000000.0,53833.33
80,2,1,1,1,Azarbaijan,2480000000.0,82666.67
102,2,1,1,1,Shahrake Gharb,9898000000.0,329933.33
83,2,1,1,1,Ray,1700000000.0,56666.67
83,2,1,1,1,Salsabil,2300000000.0,76666.67
65,2,1,1,1,Jeyhoon,1400000000.0,46666.67
200,3,1,1,1,Heravi,14000000000.0,466666.67
43,1,1,1,1,Beryanak,1250000000.0,41666.67
42,1,1,0,1,Jeyhoon,960000000.0,32000.0
97,2,1,1,1,Sattarkhan,3580000000.0,119333.33
90,2,1,1,1,Southern Janatabad,3280000000.0,109333.33
90,2,1,1,1,Southern Janatabad,3680000000.0,122666.67
929,5,1,1,0,Zafar,80000000000.0,2666666.67
150,3,1,1,1,Punak,9400000000.0,313333.33
120,2,1,1,1,Southern Janatabad,4100000000.0,136666.67
550,3,1,1,0,Absard,4500000000.0,150000.0
90,2,1,1,1,Mirdamad,6000000000.0,200000.0
75,2,1,1,1,Jeyhoon,2350000000.0,78333.33
65,2,1,1,0,Punak,2250000000.0,75000.0
124,3,1,1,1,Southern Janatabad,5950000000.0,198333.33
70,1,1,1,1,Punak,3100000000.0,103333.33
68,2,1,1,0,Punak,2230000000.0,74333.33
67,2,1,1,1,Punak,2600000000.0,86666.67
145,3,1,1,1,Central Janatabad,6150000000.0,205000.0
65,1,1,1,1,Northern Janatabad,2700000000.0,90000.0
143,3,1,1,1,Saadat Abad,11200000000.0,373333.33
88,2,1,1,1,Southern Janatabad,2560000000.0,85333.33
95,2,1,1,1,Ostad Moein,2990000000.0,99666.67
190,3,1,1,1,Farmanieh,25000000000.0,833333.33
130,3,1,1,1,Shahrakeh Naft,7500000000.0,250000.0
100,2,1,1,0,Islamshahr,1100000000.0,36666.67
76,2,1,1,1,Shahr-e-Ziba,2480000000.0,82666.67
110,2,1,1,1,Punak,3900000000.0,130000.0
75,2,1,1,0,Islamshahr,1250000000.0,41666.67
160,3,1,1,1,Heravi,7000000000.0,233333.33
290,4,1,1,1,Zaferanieh,15950000000.0,531666.67
198,4,1,1,0,Andisheh,5200000000.0,173333.33
90,2,1,1,1,Islamshahr,1098000000.0,36600.0
100,2,1,1,1,Central Janatabad,3600000000.0,120000.0
91,2,1,1,0,Islamshahr,1640000000.0,54666.67
110,2,1,1,1,Islamshahr,2530000000.0,84333.33
113,2,1,1,1,Ekhtiarieh,4300000000.0,143333.33
74,2,1,1,1,Southern Janatabad,2800000000.0,93333.33
125,2,1,1,1,Ostad Moein,3900000000.0,130000.0
148,3,1,1,1,Saadat Abad,12580000000.0,419333.33
90,2,1,1,1,Central Janatabad,3600000000.0,120000.0
115,2,1,1,1,Punak,5405000000.0,180166.67
95,2,1,1,1,North Program Organization,4300000000.0,143333.33
63,2,1,1,1,Amir Bahador,1638000000.0,54600.0
250,3,1,1,1,Elahieh,40000000000.0,1333333.33
95,2,1,1,1,Southern Program Organization,4300000000.0,143333.33
90,2,1,1,1,Southern Janatabad,3780000000.0,126000.0
78,2,0,1,1,Parand,425000000.0,14166.67
158,3,1,1,1,Pasdaran,11060000000.0,368666.67
155,3,1,1,1,Pasdaran,13175000000.0,439166.67
182,3,1,1,1,Saadat Abad,11500000000.0,383333.33
60,1,1,1,1,Northern Chitgar,875000000.0,29166.67
53,1,0,0,0,Shahrake Qods,395000000.0,13166.67
62,2,1,1,0,Punak,2200000000.0,73333.33
93,2,1,1,0,Parand,650000000.0,21666.67
83,2,1,1,1,Jeyhoon,2200000000.0,73333.33
147,3,1,1,1,Ekhtiarieh,9600000000.0,320000.0
119,2,1,1,1,Shahran,4700000000.0,156666.67
179,3,1,1,1,Velenjak,8055000000.0,268500.0
70,1,1,1,1,West Ferdows Boulevard,3650000000.0,121666.67
70,2,0,1,1,Komeil,1250000000.0,41666.67
85,2,1,0,1,Pardis,470000000.0,15666.67
120,2,1,1,1,Shahrake Qods,1050000000.0,35000.0
138,3,1,1,1,Saadat Abad,9300000000.0,310000.0
705,5,1,1,0,Abazar,91000000000.0,3033333.33
87,2,1,1,1,Pardis,570000000.0,19000.0
66,2,1,1,1,Ostad Moein,1580000000.0,52666.67
62,1,1,1,1,West Ferdows Boulevard,2650000000.0,88333.33
70,1,0,1,0,Saadat Abad,3300000000.0,110000.0
100,2,1,1,1,Ostad Moein,2800000000.0,93333.33
110,2,1,1,1,Saadat Abad,8900000000.0,296666.67
101,2,1,1,1,Saadat Abad,5555000000.0,185166.67
165,3,1,1,1,Saadat Abad,10500000000.0,350000.0
245,3,1,1,1,Shahrake Gharb,19000000000.0,633333.33
135,2,1,1,1,Saadat Abad,8800000000.0,293333.33
83,2,1,0,1,Saadat Abad,4600000000.0,153333.33
52,1,1,1,1,Southern Program Organization,2750000000.0,91666.67
60,2,1,1,1,West Ferdows Boulevard,2850000000.0,95000.0
140,3,1,1,1,Shahrake Gharb,11200000000.0,373333.33
62,1,1,1,1,Shahrake Qods,510000000.0,17000.0
150,3,1,1,1,Saadat Abad,9500000000.0,316666.67
97,2,1,1,1,Pardis,770000000.0,25666.67
100,2,1,1,1,Jeyhoon,2300000000.0,76666.67
103,2,1,1,1,Azarbaijan,3150000000.0,105000.0
150,3,1,1,1,Punak,10500000000.0,350000.0
106,2,1,1,1,Pardis,800000000.0,26666.67
290,4,1,1,1,Aqdasieh,27000000000.0,900000.0
107,3,1,1,0,Eram,2970000000.0,99000.0
195,3,1,1,1,Shahrake Gharb,19500000000.0,650000.0
105,2,1,1,1,Pardis,700000000.0,23333.33
200,3,1,1,1,Gheitarieh,16000000000.0,533333.33
110,2,1,1,1,Ekhtiarieh,8300000000.0,276666.67
60,1,1,1,1,Southern Program Organization,2400000000.0,80000.0
222,3,1,1,1,Gheitarieh,19800000000.0,660000.0
90,2,1,1,1,Ekhtiarieh,6000000000.0,200000.0
110,2,1,1,0,Southern Program Organization,3580000000.0,119333.33
76,2,1,1,1,Shahrake Qods,870000000.0,29000.0
170,4,1,1,1,Andisheh,3060000000.0,102000.0
122,3,1,1,0,Parand,850000000.0,28333.33
147,3,1,1,1,Pasdaran,8350000000.0,278333.33
100,2,1,1,1,Pasdaran,6000000000.0,200000.0
90,2,1,1,1,Northern Janatabad,3150000000.0,105000.0
80,2,1,1,1,Shahr-e-Ziba,2550000000.0,85000.0
87,2,1,1,1,Pardis,850000000.0,28333.33
123,3,1,1,1,Gheitarieh,7400000000.0,246666.67
105,2,1,1,1,Pardis,945000000.0,31500.0
78,2,1,1,1,Southern Janatabad,3500000000.0,116666.67
100,2,1,1,1,Pardis,1050000000.0,35000.0
155,3,1,1,1,Shahrake Gharb,9000000000.0,300000.0
145,3,1,1,1,Shahrake Gharb,11000000000.0,366666.67
60,1,1,1,0,Central Janatabad,2190000000.0,73000.0
101,2,1,1,1,North Program Organization,5150000000.0,171666.67
92,2,1,1,1,Punak,3870000000.0,129000.0
150,3,1,1,1,West Ferdows Boulevard,7200000000.0,240000.0
135,3,1,1,1,Dehkade Olampic,4200000000.0,140000.0
209,3,1,1,1,West Ferdows Boulevard,13000000000.0,433333.33
110,2,1,1,0,Water Organization,3950000000.0,131666.67
190,3,1,1,1,Aqdasieh,24000000000.0,800000.0
133,3,1,1,1,Gheitarieh,13300000000.0,443333.33
220,3,1,1,1,Kamranieh,33600000000.0,1120000.0
123,3,1,1,0,Azadshahr,3450000000.0,115000.0
103,3,1,1,1,Shahran,4128000000.0,137600.0
161,3,1,1,1,Persian Gulf Martyrs Lake,6400000000.0,213333.33
85,2,0,0,0,Azadshahr,3100000000.0,103333.33
160,3,1,1,1,Persian Gulf Martyrs Lake,6700000000.0,223333.33
98,2,1,1,1,Shahr-e-Ziba,3220000000.0,107333.33
77,2,1,1,1,West Ferdows Boulevard,3400000000.0,113333.33
85,2,1,1,0,Northern Janatabad,2950000000.0,98333.33
127,3,1,1,1,Hakimiyeh,4480000000.0,149333.33
120,2,1,1,1,Gheitarieh,11000000000.0,366666.67
195,3,1,1,1,Farmanieh,17280000000.0,576000.0
100,2,1,1,1,Gheitarieh,8000000000.0,266666.67
93,2,1,1,1,Atabak,1300000000.0,43333.33
119,2,1,1,1,Shahran,5400000000.0,180000.0
115,2,1,1,1,Shahran,3840000000.0,128000.0
136,3,1,1,1,Persian Gulf Martyrs Lake,1360000000.0,45333.33
83,3,1,1,1,Shahran,3100000000.0,103333.33
70,2,1,1,0,Shahran,2550000000.0,85000.0
70,2,1,1,1,Shahr-e-Ziba,2000000000.0,66666.67
69,2,1,1,1,Shahr-e-Ziba,2050000000.0,68333.33
66,1,1,1,1,Pardis,720000000.0,24000.0
64,2,1,1,1,Shahr-e-Ziba,1980000000.0,66000.0
85,2,1,1,1,Central Janatabad,3350000000.0,111666.67
93,2,1,1,1,Gheitarieh,5600000000.0,186666.67
450,2,0,0,0,Absard,4500000000.0,150000.0
85,2,1,1,1,Pakdasht,640000000.0,21333.33
900,3,1,1,0,Damavand,8500000000.0,283333.33
60,1,1,1,1,Persian Gulf Martyrs Lake,870000000.0,29000.0
118,2,1,1,1,Shahrake Qods,960000000.0,32000.0
60,1,0,1,1,Narmak,2100000000.0,70000.0
110,2,1,1,1,Heravi,5000000000.0,166666.67
235,3,1,1,1,Gheitarieh,24000000000.0,800000.0
197,3,1,1,1,Gheitarieh,13300000000.0,443333.33
99,2,1,1,1,Heravi,4900000000.0,163333.33
125,2,1,1,1,Gheitarieh,11600000000.0,386666.67
103,2,1,1,1,Heravi,6640000000.0,221333.33
107,2,1,1,1,Velenjak,13200000000.0,440000.0
170,3,0,0,0,Gheitarieh,14500000000.0,483333.33
90,2,1,1,1,Pirouzi,2650000000.0,88333.33
100,2,1,1,1,Gheitarieh,8500000000.0,283333.33
203,3,1,1,1,Araj,13800000000.0,460000.0
200,3,1,1,1,Araj,13700000000.0,456666.67
202,3,0,0,0,Araj,13300000000.0,443333.33
61,1,1,1,1,Si Metri Ji,1318000000.0,43933.33
62,2,1,1,1,Beryanak,1400000000.0,46666.67
120,3,1,1,1,Ostad Moein,3950000000.0,131666.67
200,3,1,1,1,Aqdasieh,13400000000.0,446666.67
202,3,0,0,0,Araj,13500000000.0,450000.0
202,3,1,1,1,Araj,13700000000.0,456666.67
202,3,1,1,1,Aqdasieh,14700000000.0,490000.0
85,2,1,1,1,Gheitarieh,8000000000.0,266666.67
153,2,1,1,1,Aqdasieh,10500000000.0,350000.0
150,2,1,1,1,Aqdasieh,10500000000.0,350000.0
150,2,1,1,1,Araj,10500000000.0,350000.0
201,3,1,1,1,Aqdasieh,14200000000.0,473333.33
200,3,1,1,1,Aqdasieh,14000000000.0,466666.67
86,2,1,1,1,Gheitarieh,7200000000.0,240000.0
84,2,1,1,1,Gheitarieh,7400000000.0,246666.67
85,2,1,1,1,Gheitarieh,7300000000.0,243333.33
90,2,1,1,1,Northern Janatabad,4800000000.0,160000.0
70,2,1,1,1,Jeyhoon,1730000000.0,57666.67
167,3,1,1,1,Gheitarieh,11000000000.0,366666.67
100,2,1,1,1,Shahrake Qods,1000000000.0,33333.33
155,3,1,1,1,Gheitarieh,11000000000.0,366666.67
90,2,1,1,1,Shahrake Qods,900000000.0,30000.0
80,2,1,1,1,Shahrake Qods,680000000.0,22666.67
94,2,1,1,1,Shahrake Qods,950000000.0,31666.67
115,3,1,1,1,Farmanieh,6900000000.0,230000.0
115,3,0,1,1,Farmanieh,6900000000.0,230000.0
105,2,1,1,1,Saadat Abad,5800000000.0,193333.33
100,2,1,1,1,Saadat Abad,6000000000.0,200000.0
87,2,1,1,1,Pardis,479000000.0,15966.67
115,3,1,1,1,Shahrake Gharb,6500000000.0,216666.67
67,2,1,1,0,Punak,2280000000.0,76000.0
90,2,1,1,1,Shahran,3200000000.0,106666.67
60,2,1,1,1,West Ferdows Boulevard,2650000000.0,88333.33
76,2,1,1,1,Shahr-e-Ziba,2850000000.0,95000.0
81,2,1,1,1,West Ferdows Boulevard,3300000000.0,110000.0
75,2,1,1,1,Shahran,3500000000.0,116666.67
95,2,1,1,1,Shahrake Gharb,5100000000.0,170000.0
40,0,0,0,0,Pakdasht,165000000.0,5500.0
141,3,1,1,1,Persian Gulf Martyrs Lake,3810000000.0,127000.0
120,2,1,1,1,Persian Gulf Martyrs Lake,1530000000.0,51000.0
70,2,1,1,1,Punak,3500000000.0,116666.67
70,2,0,1,1,Elm-o-Sanat,1800000000.0,60000.0
95,2,1,1,1,Golestan,950000000.0,31666.67
88,3,0,1,1,Parand,475000000.0,15833.33
50,1,1,1,0,Shahrake Qods,360000000.0,12000.0
53,1,0,1,1,Narmak,1350000000.0,45000.0
50,1,1,1,0,Shahryar,500000000.0,16666.67
85,2,1,1,0,Baghestan,765000000.0,25500.0
90,2,1,1,1,Shahr-e-Ziba,3000000000.0,100000.0
135,2,1,1,0,SabaShahr,2200000000.0,73333.33
55,1,1,1,0,Andisheh,550000000.0,18333.33
107,2,1,1,1,Shahrake Madaen,800000000.0,26666.67
56,1,0,1,0,Ostad Moein,1200000000.0,40000.0
138,3,1,1,1,Salsabil,3584000000.0,119466.67
83,2,1,1,1,Shahr-e-Ziba,2510000000.0,83666.67
115,2,1,1,1,Central Janatabad,4870000000.0,162333.33
91,2,1,1,1,West Ferdows Boulevard,3600000000.0,120000.0
40,1,0,1,0,Qasr-od-Dasht,720000000.0,24000.0
110,2,1,1,1,Shahran,3920000000.0,130666.67
50,1,1,1,0,Beryanak,830000000.0,27666.67
95,2,1,1,1,Shahr-e-Ziba,2920000000.0,97333.33
108,2,1,1,1,Persian Gulf Martyrs Lake,3024000000.0,100800.0
37,1,0,1,1,Hashemi,830000000.0,27666.67
41,1,0,1,0,Salsabil,770000000.0,25666.67
150,3,1,1,1,Shahrake Gharb,12350000000.0,411666.67
174,3,1,1,1,Valiasr,10000000000.0,333333.33
57,2,0,0,1,Waterfall,1265000000.0,42166.67
75,2,0,0,0,Baghestan,600000000.0,20000.0
63,2,0,1,0,Qasr-od-Dasht,1260000000.0,42000.0
65,2,0,0,0,Ostad Moein,1200000000.0,40000.0
44,1,0,1,0,Shahryar,570000000.0,19000.0
43,1,0,1,0,Ahang,800000000.0,26666.67
92,2,1,1,1,Shahran,2700000000.0,90000.0
56,1,0,1,0,Jeyhoon,950000000.0,31666.67
92,2,1,1,1,West Ferdows Boulevard,2970000000.0,99000.0
51,2,1,1,0,Shahran,1850000000.0,61666.67
85,2,1,1,1,Shahrake Qods,1062000000.0,35400.0
131,2,1,1,1,Ray,3400000000.0,113333.33
84,2,1,1,0,Andisheh,773000000.0,25766.67
74,2,1,1,1,Eskandari,2960000000.0,98666.67
240,4,1,1,1,Persian Gulf Martyrs Lake,4800000000.0,160000.0
44,1,0,1,0,Qasr-od-Dasht,770000000.0,25666.67
44,1,1,1,0,Salsabil,1050000000.0,35000.0
63,1,1,1,1,Aqdasieh,4000000000.0,133333.33
235,3,1,1,1,Niavaran,31000000000.0,1033333.33
57,1,1,1,0,Feiz Garden,1930000000.0,64333.33
115,2,1,1,0,Golestan,2050000000.0,68333.33
62,1,0,1,1,Baghestan,620000000.0,20666.67
75,2,1,1,1,Shahran,3110000000.0,103666.67
144,3,1,1,1,Zafar,10368000000.0,345600.0
78,2,1,1,0,Sattarkhan,2100000000.0,70000.0
90,2,1,1,1,Ray,1800000000.0,60000.0
350,4,1,1,1,Niavaran,72000000000.0,2400000.0
80,1,0,0,0,Pishva,380000000.0,12666.67
46,1,1,1,1,Jeyhoon,1150000000.0,38333.33
67,2,0,1,0,Karoon,1070000000.0,35666.67
105,2,1,1,1,Andisheh,1200000000.0,40000.0
65,2,0,1,1,Salsabil,1220000000.0,40666.67
66,2,0,1,0,Jeyhoon,1187000000.0,39566.67
67,2,0,1,0,Salsabil,1215000000.0,40500.0
75,2,1,1,1,Beryanak,1450000000.0,48333.33
94,2,1,1,1,Central Janatabad,4300000000.0,143333.33
60,1,0,1,1,Shahrake Qods,920000000.0,30666.67
65,2,0,0,1,Beryanak,1310000000.0,43666.67
62,2,1,1,1,Salsabil,1350000000.0,45000.0
105,3,1,1,1,Shahr-e-Ziba,3550000000.0,118333.33
53,1,0,1,0,Baghestan,450000000.0,15000.0
88,2,1,1,1,Persian Gulf Martyrs Lake,2850000000.0,95000.0
128,2,1,1,1,Jordan,6144000000.0,204800.0
48,1,0,1,0,Beryanak,830000000.0,27666.67
86,2,1,1,1,Pardis,600000000.0,20000.0
110,3,1,1,1,Jordan,6160000000.0,205333.33
147,3,1,1,1,Yousef Abad,11600000000.0,386666.67
235,3,1,1,1,Niavaran,28500000000.0,950000.0
114,2,1,1,1,Pakdasht,1090000000.0,36333.33
125,3,1,1,1,Yousef Abad,8450000000.0,281666.67
78,2,0,1,1,Gisha,1794000000.0,59800.0
47,1,0,1,0,Ostad Moein,1050000000.0,35000.0
65,1,1,1,1,Southern Janatabad,2500000000.0,83333.33
125,2,1,1,1,Islamshahr Elahieh,1750000000.0,58333.33
136,3,1,1,1,Yousef Abad,8200000000.0,273333.33
60,2,0,1,0,Si Metri Ji,650000000.0,21666.67
120,3,1,1,1,Yousef Abad,8000000000.0,266666.67
110,2,0,1,0,Pakdasht,640000000.0,21333.33
115,2,1,1,1,Shahran,4500000000.0,150000.0
120,3,1,1,1,Yousef Abad,7000000000.0,233333.33
130,3,1,1,1,Yousef Abad,6000000000.0,200000.0
75,2,0,1,1,Parand,385000000.0,12833.33
150,2,1,1,1,Zaferanieh,15000000000.0,500000.0
60,1,1,1,1,Zafar,1200000000.0,40000.0
113,2,1,1,1,Niavaran,9000000000.0,300000.0
100,2,1,1,1,Aqdasieh,7000000000.0,233333.33
200,3,1,1,1,Niavaran,29000000000.0,966666.67
100,2,1,1,1,Gheitarieh,8300000000.0,276666.67
200,3,1,1,1,Niavaran,14000000000.0,466666.67
70,2,1,1,0,Punak,2680000000.0,89333.33
245,2,0,0,0,Islamshahr,7800000000.0,260000.0
120,2,1,1,1,Velenjak,9000000000.0,300000.0
66,2,1,1,0,Punak,2460000000.0,82000.0
40,1,1,1,0,Narmak,1250000000.0,41666.67
50,1,1,1,1,Ozgol,3000000000.0,100000.0
65,2,1,1,0,West Ferdows Boulevard,2150000000.0,71666.67
79,2,1,1,1,Parand,410000000.0,13666.67
68,2,1,1,1,West Ferdows Boulevard,2300000000.0,76666.67
80,2,1,1,1,West Ferdows Boulevard,2700000000.0,90000.0
43,1,1,1,0,Narmak,1330000000.0,44333.33
77,2,1,1,1,Northern Janatabad,2680000000.0,89333.33
62,1,1,0,1,Ostad Moein,1440000000.0,48000.0
60,1,1,1,1,Salsabil,1530000000.0,51000.0
54,1,0,1,0,Azarbaijan,1100000000.0,36666.67
122,3,1,1,1,Ghoba,6700000000.0,223333.33
80,2,1,1,1,Shahryar,850000000.0,28333.33
220,4,1,1,0,Shahryar,7500000000.0,250000.0
49,1,0,1,0,Hashemi,1078000000.0,35933.33
41,1,0,1,0,Hashemi,840000000.0,28000.0
240,4,1,1,0,Andisheh,4300000000.0,143333.33
52,1,0,1,0,Hashemi,960000000.0,32000.0
32,1,0,1,1,Eskandari,940000000.0,31333.33
73,1,0,1,1,Komeil,1460000000.0,48666.67
45,1,0,1,0,Jeyhoon,745000000.0,24833.33
51,1,1,1,1,Salsabil,1150000000.0,38333.33
100,2,1,1,0,Pardis,2700000000.0,90000.0
200,2,0,0,0,Kahrizak,2650000000.0,88333.33
140,3,1,1,1,Farmanieh,9300000000.0,310000.0
58,1,1,1,0,Central Janatabad,2000000000.0,66666.67
57,1,1,1,0,Salsabil,870000000.0,29000.0
95,2,1,1,1,Niavaran,8900000000.0,296666.67
62,2,0,0,1,Parand,350000000.0,11666.67
52,1,1,1,0,Salsabil,1100000000.0,36666.67
45,1,0,1,1,Karoon,965000000.0,32166.67
83,2,0,1,1,Valiasr,1700000000.0,56666.67
65,2,1,1,0,Karoon,1430000000.0,47666.67
70,2,1,1,0,Central Janatabad,2100000000.0,70000.0
100,2,1,1,1,Niavaran,7500000000.0,250000.0
160,3,1,1,1,Niavaran,17500000000.0,583333.33
82,2,1,0,1,Parand,500000000.0,16666.67
198,3,1,1,1,Ekhtiarieh,18000000000.0,600000.0
92,2,1,1,1,Shams Abad,3250000000.0,108333.33
137,3,1,1,1,ShahrAra,7200000000.0,240000.0
175,3,1,1,1,Farmanieh,22000000000.0,733333.33
225,3,1,1,1,Farmanieh,38500000000.0,1283333.33
200,3,1,1,1,Niavaran,34000000000.0,1133333.33
88,2,0,1,1,Shams Abad,3350000000.0,111666.67
55,1,0,1,0,Pirouzi,1600000000.0,53333.33
80,2,1,1,0,Punak,2800000000.0,93333.33
90,2,1,1,0,Pirouzi,1700000000.0,56666.67
78,2,0,1,1,Parand,430000000.0,14333.33
100,2,0,0,0,Kahrizak,1200000000.0,40000.0
62,1,0,1,0,Islamshahr,580000000.0,19333.33
120,2,1,1,1,Ekhtiarieh,9000000000.0,300000.0
147,3,1,1,1,Saadat Abad,9114000000.0,303800.0
170,3,1,1,1,Heravi,7990000000.0,266333.33
310,3,1,1,1,Aqdasieh,74400000000.0,2480000.0
66,1,0,0,0,Shahedshahr,297000000.0,9900.0
63,2,1,1,1,Ostad Moein,1670000000.0,55666.67
59,2,1,1,1,Shahr-e-Ziba,1600000000.0,53333.33
66,2,1,1,0,Southern Program Organization,2000000000.0,66666.67
55,1,0,0,1,Northren Jamalzadeh,1540000000.0,51333.33
92,2,1,1,1,Punak,4000000000.0,133333.33
98,2,1,1,1,Pardis,770000000.0,25666.67
114,2,1,1,1,Pakdasht,1100000000.0,36666.67
50,1,0,0,0,Shahrake Qods,380000000.0,12666.67
102,2,1,1,1,Sattarkhan,650000000.0,21666.67
62,1,0,0,0,Qasr-od-Dasht,1860000000.0,62000.0
70,2,1,1,1,Zafar,5250000000.0,175000.0
55,1,0,1,0,West Ferdows Boulevard,1550000000.0,51666.67
58,1,1,1,1,West Ferdows Boulevard,2050000000.0,68333.33
42,1,1,0,1,Shahran,1750000000.0,58333.33
65,1,1,1,1,Southern Program Organization,2450000000.0,81666.67
60,2,0,1,1,Qasr-od-Dasht,1850000000.0,61666.67
70,1,0,1,0,Salsabil,1180000000.0,39333.33
39,1,0,1,0,Salsabil,800000000.0,26666.67
110,2,1,1,1,Ekhtiarieh,6500000000.0,216666.67
114,2,0,0,0,Northern Suhrawardi,6500000000.0,216666.67
115,3,1,1,1,Islamshahr,1650000000.0,55000.0
78,2,1,1,1,Jeyhoon,2050000000.0,68333.33
78,2,0,0,1,Parand,420000000.0,14000.0
95,2,1,1,1,Andisheh,1200000000.0,40000.0
98,2,1,1,1,Andisheh,1370000000.0,45666.67
50,1,1,1,0,Tehransar,1250000000.0,41666.67
125,2,1,1,1,Dezashib,11250000000.0,375000.0
55,1,0,1,1,Kahrizak,660000000.0,22000.0
105,3,1,1,1,Kahrizak,1312000000.0,43733.33
82,2,1,1,1,Kahrizak,820000000.0,27333.33
105,2,1,1,1,Pardis,760000000.0,25333.33
85,2,1,1,1,Kahrizak,850000000.0,28333.33
106,2,1,1,1,Pardis,505000000.0,16833.33
62,1,1,0,1,Tehransar,1530000000.0,51000.0
225,4,1,1,1,Kamranieh,20250000000.0,675000.0
50,1,1,0,0,Parand,375000000.0,12500.0
103,2,0,1,0,Northern Suhrawardi,3900000000.0,130000.0
90,2,1,1,1,Karoon,2000000000.0,66666.67
450,4,1,1,1,Niavaran,25000000000.0,833333.33
258,4,1,1,0,Jordan,12000000000.0,400000.0
130,3,0,1,0,Shahrake Qods,600000000.0,20000.0
104,2,1,1,1,Shahrake Qods,900000000.0,30000.0
96,2,1,1,1,Shahran,3500000000.0,116666.67
150,3,1,1,1,Salsabil,4500000000.0,150000.0
60,1,0,0,0,Shahrake Qods,430000000.0,14333.33
85,2,1,1,1,Shahrake Qods,670000000.0,22333.33
97,2,1,1,1,Punak,4700000000.0,156666.67
57,1,0,0,1,Niavaran,3600000000.0,120000.0
85,2,1,1,1,Hor Square,1957300000.0,65243.33
100,2,1,1,1,Hor Square,2283900000.0,76130.0
75,2,0,0,0,Parand,365000000.0,12166.67
250,4,1,1,1,Zaferanieh,18750000000.0,625000.0
90,2,1,1,1,Damavand,605000000.0,20166.67
52,1,0,0,0,Damavand,375000000.0,12500.0
73,2,1,1,1,Parand,385000000.0,12833.33
85,2,1,1,0,Shahrake Qods,640000000.0,21333.33
115,2,1,1,1,East Pars,5400000000.0,180000.0
93,2,0,1,1,Gisha,3600000000.0,120000.0
117,3,1,1,1,Tarasht,4440000000.0,148000.0
160,3,1,1,1,Azarbaijan,3000000000.0,100000.0
163,3,1,1,1,Marzdaran,11100000000.0,370000.0
142,3,1,1,1,Heravi,6465000000.0,215500.0
100,2,1,0,1,Parand,900000000.0,30000.0
58,1,0,0,1,Parand,320000000.0,10666.67
85,2,1,1,1,Pardis,650000000.0,21666.67
78,2,0,0,1,Parand,370000000.0,12333.33
210,4,1,1,0,Narmak,23000000000.0,766666.67
101,2,1,1,1,Feiz Garden,4550000000.0,151666.67
60,1,0,1,1,Islamshahr,660000000.0,22000.0
117,2,1,1,1,Shahrake Gharb,10600000000.0,353333.33
98,2,1,1,1,Pardis,910000000.0,30333.33
85,2,1,1,1,Punak,3400000000.0,113333.33
74,2,0,0,0,Parand,420000000.0,14000.0
58,1,0,0,0,Parand,255000000.0,8500.0
75,2,0,0,1,Parand,345000000.0,11500.0
74,2,1,1,1,Parand,900000000.0,30000.0
58,1,1,1,1,Parand,275000000.0,9166.67
75,2,1,0,1,Parand,305000000.0,10166.67
130,2,1,1,0,Jeyhoon,5200000000.0,173333.33
85,2,1,1,1,Central Janatabad,3300000000.0,110000.0
165,3,1,1,1,Gheitarieh,9850000000.0,328333.33
76,2,1,1,0,West Ferdows Boulevard,1990000000.0,66333.33
165,3,0,1,0,Heshmatieh,4125000000.0,137500.0
130,2,1,1,0,Jeyhoon,5200000000.0,173333.33
70,2,1,1,1,East Ferdows Boulevard,2750000000.0,91666.67
79,2,1,1,1,Persian Gulf Martyrs Lake,2500000000.0,83333.33
128,2,0,1,0,Parand,950000000.0,31666.67
94,2,1,1,1,Taslihat,2650000000.0,88333.33
72,2,1,1,1,Punak,2300000000.0,76666.67
126,3,1,1,1,Zafar,7676000000.0,255866.67
216,4,1,1,0,Andisheh,5700000000.0,190000.0
80,2,1,1,1,Si Metri Ji,1410000000.0,47000.0
300,4,1,1,1,Tajrish,9000000000.0,300000.0
100,2,0,1,1,Shahedshahr,700000000.0,23333.33
105,2,1,1,1,Feiz Garden,4550000000.0,151666.67
41,1,1,1,0,Si Metri Ji,780000000.0,26000.0
66,1,0,1,0,Shahran,1850000000.0,61666.67
78,2,0,0,1,Parand,405000000.0,13500.0
88,2,1,1,1,Central Janatabad,4000000000.0,133333.33
180,5,1,1,0,Shahrake Gharb,28800000000.0,960000.0
58,2,0,1,1,Qasr-od-Dasht,1270000000.0,42333.33
67,1,1,1,1,Shams Abad,2600000000.0,86666.67
95,2,1,1,1,Central Janatabad,4000000000.0,133333.33
87,2,1,1,1,Pardis,658000000.0,21933.33
50,1,0,0,0,Karoon,1000000000.0,33333.33
86,2,1,1,1,Pasdaran,5400000000.0,180000.0
100,2,1,1,1,Persian Gulf Martyrs Lake,435000000.0,14500.0
58,1,0,0,1,Parand,305000000.0,10166.67
145,3,1,1,1,Elahieh,10150000000.0,338333.33
64,1,1,1,1,Robat Karim,350000000.0,11666.67
75,2,0,0,0,Damavand,520000000.0,17333.33
71,2,0,0,0,West Ferdows Boulevard,2000000000.0,66666.67
63,1,1,0,1,Pirouzi,2153000000.0,71766.67
85,2,1,0,1,Pardis,730000000.0,24333.33
175,3,1,1,1,Elahieh,17500000000.0,583333.33
66,2,0,0,0,Feiz Garden,1750000000.0,58333.33
45,1,1,0,1,Ray - Pilgosh,990000000.0,33000.0
75,2,0,1,1,Parand,280000000.0,9333.33
61,1,0,0,0,Feiz Garden,1800000000.0,60000.0
62,1,0,0,0,Damavand,710000000.0,23666.67
180,3,1,1,1,Pasdaran,13000000000.0,433333.33
95,2,1,1,1,Republic,1450000000.0,48333.33
37,1,1,1,0,Andisheh,345000000.0,11500.0
69,2,1,1,1,Shahran,2600000000.0,86666.67
60,1,1,1,1,Northern Chitgar,875000000.0,29166.67
51,1,1,1,0,Andisheh,670000000.0,22333.33
100,2,1,1,1,Narmak,3200000000.0,106666.67
78,2,1,1,1,Ghiyamdasht,640000000.0,21333.33
95,2,0,1,1,Saadat Abad,9500000000.0,316666.67
65,1,1,1,1,Golestan,360000000.0,12000.0
75,2,1,1,1,Southern Janatabad,2700000000.0,90000.0
60,1,1,1,1,Parand,390000000.0,13000.0
93,2,0,0,0,Pirouzi,5500000000.0,183333.33
48,1,0,1,0,Shahedshahr,210000000.0,7000.0
163,2,1,1,1,Farmanieh,9780000000.0,326000.0
119,2,1,1,1,Shahran,4000000000.0,133333.33
57,1,0,0,1,Pakdasht,450000000.0,15000.0
119,3,1,1,1,Shahran,5500000000.0,183333.33
68,1,0,0,0,Islamshahr,815000000.0,27166.67
70,1,1,1,1,Hakimiyeh,2310000000.0,77000.0
60,1,1,1,1,Qasr-od-Dasht,1985000000.0,66166.67
82,2,1,1,1,Shahran,2800000000.0,93333.33
120,3,1,1,1,Northern Chitgar,1750000000.0,58333.33
75,2,1,0,1,Saadat Abad,3850000000.0,128333.33
50,2,1,1,1,Persian Gulf Martyrs Lake,330000000.0,11000.0
111,2,1,1,1,East Ferdows Boulevard,3990000000.0,133000.0
92,1,1,1,1,Niavaran,6300000000.0,210000.0
100,2,1,1,1,Mirza Shirazi,4100000000.0,136666.67
94,2,0,1,0,Northren Jamalzadeh,2400000000.0,80000.0
65,4,1,1,0,Yousef Abad,8500000000.0,283333.33
114,2,1,1,1,Mehran,6840000000.0,228000.0
40,1,1,0,1,Northren Jamalzadeh,1500000000.0,50000.0
87,2,1,1,1,Koohsar,2350000000.0,78333.33
500,5,1,1,0,Gandhi,70000000000.0,2333333.33
96,2,1,1,1,Shahr-e-Ziba,5280000000.0,176000.0
135,3,1,1,1,Northren Jamalzadeh,6000000000.0,200000.0
114,2,1,1,1,Gholhak,7550000000.0,251666.67
90,2,1,1,1,Northren Jamalzadeh,3450000000.0,115000.0
90,2,1,1,1,Shahr-e-Ziba,2900000000.0,96666.67
82,2,1,1,1,Si Metri Ji,1600000000.0,53333.33
70,2,1,1,1,Karimkhan,3200000000.0,106666.67
303,5,1,1,0,Argentina,33330000000.0,1111000.0
75,2,1,1,1,Parand,250000000.0,8333.33
60,2,1,1,0,Central Janatabad,2100000000.0,70000.0
78,2,1,0,1,Parand,400000000.0,13333.33
95,2,1,1,1,Marzdaran,4085000000.0,136166.67
75,2,0,1,1,Parand,397000000.0,13233.33
50,1,0,0,0,Malard,250000000.0,8333.33
105,2,1,1,1,Afsarieh,2400000000.0,80000.0
74,2,0,1,0,Pirouzi,1600000000.0,53333.33
80,1,1,1,1,Gheitarieh,850000000.0,28333.33
110,2,1,1,1,Niavaran,10640000000.0,354666.67
57,1,1,1,1,Ostad Moein,1600000000.0,53333.33
105,2,1,1,1,Jeyhoon,2500000000.0,83333.33
65,1,0,0,1,Saadat Abad,3490000000.0,116333.33
110,2,1,1,1,West Ferdows Boulevard,5050000000.0,168333.33
94,2,0,1,0,Northren Jamalzadeh,2400000000.0,80000.0
40,1,0,1,0,Azarbaijan,1000000000.0,33333.33
89,2,1,1,0,Amirabad,3500000000.0,116666.67
125,2,1,1,1,Central Janatabad,6250000000.0,208333.33
136,3,1,1,1,Pasdaran,7300000000.0,243333.33
55,1,0,1,0,West Ferdows Boulevard,1580000000.0,52666.67
73,2,0,1,0,West Ferdows Boulevard,1840000000.0,61333.33
63,1,1,1,1,Ostad Moein,1380000000.0,46000.0
83,2,1,1,1,Ozgol,55000000.0,1833.33
71,2,1,1,1,North Program Organization,2160000000.0,72000.0
68,1,1,1,1,Persian Gulf Martyrs Lake,2100000000.0,70000.0
105,2,1,1,1,Persian Gulf Martyrs Lake,3250000000.0,108333.33
113,2,1,1,1,Karimkhan,3170000000.0,105666.67
50,2,0,1,0,Jeyhoon,730000000.0,24333.33
37,1,0,0,0,Ostad Moein,620000000.0,20666.67
73,2,0,1,1,Jeyhoon,1580000000.0,52666.67
95,2,1,1,1,Qarchak,1450000000.0,48333.33
65,2,0,1,1,Ostad Moein,1550000000.0,51666.67
105,2,1,1,0,Andisheh,1100000000.0,36666.67
74,2,1,1,1,Pirouzi,2200000000.0,73333.33
104,2,1,1,1,Mehran,4200000000.0,140000.0
55,1,1,1,1,Komeil,1100000000.0,36666.67
55,2,0,1,1,Beryanak,1020000000.0,34000.0
68,2,1,1,1,Ostad Moein,1970000000.0,65666.67
2550000000,2,1,1,1,Central Janatabad,2550000000.0,85000.0
63,1,0,0,1,Tenant,1350000000.0,45000.0
42,1,1,1,1,Jeyhoon,900000000.0,30000.0
39,1,1,1,0,Andisheh,550000000.0,18333.33
200,3,1,1,1,Shahrake Gharb,14000000000.0,466666.67
71,2,1,1,0,Salsabil,1185000000.0,39500.0
53,1,0,1,0,Tenant,1113000000.0,37100.0
160,3,1,1,1,Pakdasht,980000000.0,32666.67
96,2,1,1,1,Tenant,2400000000.0,80000.0
120,3,1,1,1,Tenant,3240000000.0,108000.0
80,2,1,1,1,Ostad Moein,2440000000.0,81333.33
79,2,1,1,1,Tenant,2930000000.0,97666.67
60,1,0,1,0,Tenant,1120000000.0,37333.33
150,3,1,1,1,Dezashib,12000000000.0,400000.0
55,1,0,1,0,Tenant,1155000000.0,38500.0
60,1,1,1,0,Tenant,1400000000.0,46666.67
112,2,1,1,1,Persian Gulf Martyrs Lake,3300000000.0,110000.0
100,2,1,1,1,Persian Gulf Martyrs Lake,1060000000.0,35333.33
125,3,1,0,0,Mirdamad,6500000000.0,216666.67
67,2,1,1,1,Hakimiyeh,2170000000.0,72333.33
150,3,1,1,1,Pardis,3900000000.0,130000.0
111,3,1,1,1,Persian Gulf Martyrs Lake,3150000000.0,105000.0
75,2,0,0,1,Parand,350000000.0,11666.67
53,1,1,1,1,Jeyhoon,1500000000.0,50000.0
330,3,1,1,1,Farmanieh,46200000000.0,1540000.0
80,2,1,1,1,Gheitarieh,6000000000.0,200000.0
117,3,1,1,1,Ostad Moein,3680000000.0,122666.67
82,2,1,1,1,Parand,360000000.0,12000.0
150,3,0,1,0,Zafar,6000000000.0,200000.0
95,2,1,1,1,Shahran,3250000000.0,108333.33
80,2,0,0,1,Parand,390000000.0,13000.0
48,1,0,0,1,Fallah,710000000.0,23666.67
62,1,1,1,1,Fallah,806000000.0,26866.67
48,1,0,0,1,Fallah,740000000.0,24666.67
55,3,1,1,1,Hashemi,1650000000.0,55000.0
49,1,1,1,1,Si Metri Ji,900000000.0,30000.0
130,3,1,1,1,Persian Gulf Martyrs Lake,4150000000.0,138333.33
113,2,1,1,1,Persian Gulf Martyrs Lake,3170000000.0,105666.67
93,2,1,1,0,Shahrake Quds,650000000.0,21666.67
56,2,1,1,1,East Pars,1550000000.0,51666.67
68,2,0,1,1,Ostad Moein,1320000000.0,44000.0
84,2,1,1,1,Central Janatabad,3850000000.0,128333.33
80,2,1,1,1,Shahrake Qods,880000000.0,29333.33
44,1,1,1,0,Jeyhoon,1050000000.0,35000.0
124,3,1,1,1,Shahr-e-Ziba,3980000000.0,132666.67
83,2,1,1,1,West Ferdows Boulevard,2640000000.0,88000.0
115,2,1,1,1,West Ferdows Boulevard,4900000000.0,163333.33
66,1,0,1,0,Andisheh,750000000.0,25000.0
60,2,1,1,1,West Ferdows Boulevard,2550000000.0,85000.0
57,1,1,1,1,Ostad Moein,1600000000.0,53333.33
59,1,1,1,0,West Ferdows Boulevard,1950000000.0,65000.0
101,2,1,1,1,Persian Gulf Martyrs Lake,5252000000.0,175066.67
113,2,1,1,1,Pasdaran,8475000000.0,282500.0
66,1,1,1,0,Shahrake Quds,520000000.0,17333.33
90,2,1,1,0,Yousef Abad,6300000000.0,210000.0
72,2,1,1,1,Saadat Abad,4000000000.0,133333.33
155,3,1,1,1,North Program Organization,5100000000.0,170000.0
65,1,1,1,1,Hassan Abad,510000000.0,17000.0
140,3,1,1,1,Persian Gulf Martyrs Lake,3800000000.0,126666.67
50,1,1,1,1,West Ferdows Boulevard,2200000000.0,73333.33
68,1,1,1,1,Shahrake Gharb,5000000000.0,166666.67
170,3,1,1,1,North Program Organization,8000000000.0,266666.67
55,1,0,1,0,Islamshahr,330000000.0,11000.0
96,3,1,0,1,Shahryar,1145000000.0,38166.67
43,1,0,1,0,Nawab,700000000.0,23333.33
103,2,1,1,1,Feiz Garden,4000000000.0,133333.33
150,3,1,1,1,Pasdaran,9750000000.0,325000.0
140,2,0,1,1,Marzdaran,5400000000.0,180000.0
97,2,0,0,1,Jeyhoon,2300000000.0,76666.67
175,3,1,1,1,Waterfall,8600000000.0,286666.67
58,1,1,1,0,Chidz,3000000000.0,100000.0
135,2,0,0,0,Seyed Khandan,3800000000.0,126666.67
50,1,0,1,0,Northern Janatabad,1745000000.0,58166.67
110,3,1,1,1,Abazar,4250000000.0,141666.67
190,3,1,1,1,East Ferdows Boulevard,9500000000.0,316666.67
55,1,1,1,0,Salsabil,1050000000.0,35000.0
87,2,1,1,1,Jeyhoon,1860000000.0,62000.0
80,1,1,1,1,Jordan,4500000000.0,150000.0
140,3,1,1,1,East Ferdows Boulevard,7300000000.0,243333.33
212,4,1,1,0,Farmanieh,36000000000.0,1200000.0
41,1,0,0,1,Si Metri Ji,790000000.0,26333.33
57,1,1,1,1,Si Metri Ji,990000000.0,33000.0
54,1,1,1,1,Punak,2820000000.0,94000.0
97,2,1,1,1,Shahrake Gharb,5600000000.0,186666.67
59,1,1,1,1,Qasr-od-Dasht,1150000000.0,38333.33
135,2,1,1,1,Mirdamad,9970000000.0,332333.33
52,1,1,1,1,Niavaran,4600000000.0,153333.33
95,2,1,1,1,Shahran,3150000000.0,105000.0
92,2,1,1,1,Parand,590000000.0,19666.67
72,2,1,1,0,Southern Janatabad,2090000000.0,69666.67
118,2,1,1,1,Shahrake Gharb,10300000000.0,343333.33
115,3,1,1,0,Gheitarieh,6400000000.0,213333.33
65,2,1,1,1,Shahran,2400000000.0,80000.0
66,2,1,1,1,Central Janatabad,2620000000.0,87333.33
46,1,1,1,0,Shahran,1650000000.0,55000.0
60,1,0,1,0,Keshavarz Boulevard,1900000000.0,63333.33
63,1,1,1,1,Sadeghieh,1620000000.0,54000.0
83,2,1,1,1,Shahran,3200000000.0,106666.67
68,2,0,1,0,Pakdasht,510000000.0,17000.0
600,2,0,0,0,Damavand,4000000000.0,133333.33
101,2,1,1,1,Mirdamad,7300000000.0,243333.33
87,3,0,0,1,Parand,488000000.0,16266.67
145,3,1,1,1,Shahrake Qods,1740000000.0,58000.0
90,2,1,1,1,Central Janatabad,3600000000.0,120000.0
105,2,1,1,1,Mirdamad,7770000000.0,259000.0
71,2,1,1,0,West Ferdows Boulevard,2800000000.0,93333.33
75,2,1,1,1,Parand,385000000.0,12833.33
345,4,1,1,1,Jordan,17000000000.0,566666.67
48,1,1,0,0,Fallah,800000000.0,26666.67
82,2,1,1,1,Jeyhoon,1890000000.0,63000.0
58,1,1,1,1,Southern Program Organization,2500000000.0,83333.33
96,2,1,1,1,Shahr-e-Ziba,3000000000.0,100000.0
108,2,1,1,1,Shahr-e-Ziba,5100000000.0,170000.0
70,2,1,1,1,East Ferdows Boulevard,2160000000.0,72000.0
56,3,0,1,0,Atabak,900000000.0,30000.0
68,2,1,1,1,Southern Janatabad,2200000000.0,73333.33
43,1,0,1,1,Jeyhoon,900000000.0,30000.0
41,2,0,0,0,Salsabil,790000000.0,26333.33
110,2,1,1,1,Zafar,5700000000.0,190000.0
96,2,1,1,1,Gheitarieh,6175000000.0,205833.33
76,2,0,1,1,Si Metri Ji,1350000000.0,45000.0
105,2,0,0,0,West Ferdows Boulevard,3150000000.0,105000.0
56,2,1,1,0,Andisheh,515000000.0,17166.67
40,1,1,1,0,Jeyhoon,830000000.0,27666.67
93,2,1,1,1,Jeyhoon,2600000000.0,86666.67
98,2,1,1,1,Si Metri Ji,1950000000.0,65000.0
100,2,1,1,0,Shahr-e-Ziba,3800000000.0,126666.67
270,4,1,1,0,Jordan,13000000000.0,433333.33
130,2,1,1,1,Pasdaran,9500000000.0,316666.67
66,1,0,1,0,Qarchak,600000000.0,20000.0
75,2,1,1,1,Heravi,4590000000.0,153000.0
300,3,1,1,0,Argentina,17000000000.0,566666.67
98,2,0,1,0,Parand,750000000.0,25000.0
35,1,1,1,0,Qasr-od-Dasht,990000000.0,33000.0
105,2,1,1,1,West Ferdows Boulevard,3500000000.0,116666.67
40,1,0,1,1,Komeil,810000000.0,27000.0
68,2,0,1,0,Ostad Moein,1500000000.0,50000.0
130,2,1,1,1,Velenjak,18200000000.0,606666.67
90,2,1,1,1,North Program Organization,4750000000.0,158333.33
64,2,0,1,0,Shahran,1900000000.0,63333.33
51,1,0,1,0,Salsabil,850000000.0,28333.33
65,1,1,1,1,Punak,2340000000.0,78000.0
65,2,1,0,1,Air force,1750000000.0,58333.33
155,3,1,1,1,Gheitarieh,13000000000.0,433333.33
72,2,0,0,0,Parand,380000000.0,12666.67
90,2,1,1,1,Central Janatabad,3550000000.0,118333.33
84,2,1,1,1,Shahran,2400000000.0,80000.0
150,3,1,1,1,Tajrish,12750000000.0,425000.0
165,3,1,1,1,Gheitarieh,12300000000.0,410000.0
76,2,1,1,0,Shahran,1990000000.0,66333.33
115,2,1,1,1,Central Janatabad,3900000000.0,130000.0
85,2,1,0,1,Abuzar,2715000000.0,90500.0
123,2,1,1,1,Yousef Abad,7630000000.0,254333.33
115,2,1,0,1,Shahrake Qods,950000000.0,31666.67
40,1,0,1,0,Salsabil,750000000.0,25000.0
85,2,0,1,1,Shahrake Qods,850000000.0,28333.33
125,2,1,1,1,Gheitarieh,12500000000.0,416666.67
85,2,0,0,1,Jeyhoon,1885000000.0,62833.33
71,2,0,1,1,Shahrake Qods,525000000.0,17500.0
80,1,0,1,1,Shahrake Qods,580000000.0,19333.33
78,2,1,1,0,Water Organization,2500000000.0,83333.33
71,2,1,1,1,East Ferdows Boulevard,2950000000.0,98333.33
88,2,1,1,1,Saadat Abad,5200000000.0,173333.33
50,1,1,1,0,Si Metri Ji,810000000.0,27000.0
171,2,0,1,0,Elahieh,11500000000.0,383333.33
60,1,0,0,0,Shahr-e-Ziba,18000000000.0,600000.0
55,1,0,1,0,Salsabil,1100000000.0,36666.67
72,2,1,1,1,Ostad Moein,1860000000.0,62000.0
63,1,1,1,1,Ostad Moein,1380000000.0,46000.0
253,4,1,1,1,Jordan,11385000000.0,379500.0
72,2,1,1,1,Jeyhoon,1850000000.0,61666.67
145,3,1,1,1,Vanak,7900000000.0,263333.33
125,3,1,1,1,Salsabil,3500000000.0,116666.67
120,2,1,1,1,Yousef Abad,7200000000.0,240000.0
89,2,1,1,1,Punak,3000000000.0,100000.0
80,2,1,1,1,North Program Organization,2950000000.0,98333.33
72,2,0,0,0,Andisheh,950000000.0,31666.67
62,1,1,1,1,Northern Chitgar,875000000.0,29166.67
94,2,0,1,0,Fatemi,3100000000.0,103333.33
74,2,1,1,1,Amirieh,1700000000.0,56666.67
71,1,1,1,1,Shahran,2300000000.0,76666.67
42,1,1,0,1,Shahran,1760000000.0,58666.67
90,2,1,1,1,Sadeghieh,3300000000.0,110000.0
63,1,1,0,1,Thirteen November,800000000.0,26666.67
55,1,1,1,1,West Ferdows Boulevard,2150000000.0,71666.67
84,2,1,1,1,Shahran,2410000000.0,80333.33
86,2,1,1,1,Shahedshahr,421000000.0,14033.33
48,1,0,0,0,Hashemi,950000000.0,31666.67
120,2,1,1,1,Railway,1536000000.0,51200.0
80,2,1,1,1,Jeyhoon,2100000000.0,70000.0
210,3,1,1,1,Kamranieh,34560000000.0,1152000.0
75,2,0,0,1,Parand,398000000.0,13266.67
72,2,1,1,1,Darakeh,2900000000.0,96666.67
119,2,1,1,1,West Ferdows Boulevard,4950000000.0,165000.0
65,1,1,1,1,Shahran,1880000000.0,62666.67
145,5,0,0,0,Jeyhoon,5000000000.0,166666.67
73,2,1,1,0,Aliabad South,850000000.0,28333.33
149,3,1,1,1,Parand,2100000000.0,70000.0
75,2,1,1,0,West Ferdows Boulevard,2480000000.0,82666.67
63,2,1,1,0,Punak,1880000000.0,62666.67
67,1,1,1,1,Jordan,6700000000.0,223333.33
135,3,1,1,1,Niavaran,9000000000.0,300000.0
80,2,1,1,1,Shahran,2590000000.0,86333.33
86,2,1,1,0,Shahran,3100000000.0,103333.33
88,2,1,1,1,Southern Janatabad,4500000000.0,150000.0
102,2,1,1,0,ShahrAra,2950000000.0,98333.33
150,3,1,1,1,Yousef Abad,11000000000.0,366666.67
62,2,0,1,0,Punak,2300000000.0,76666.67
97,2,1,1,1,Shahran,3300000000.0,110000.0
53,1,0,1,1,Narmak,2300000000.0,76666.67
105,2,1,1,0,Fatemi,4300000000.0,143333.33
86,2,1,1,1,Central Janatabad,4300000000.0,143333.33
40,2,0,0,0,Salsabil,830000000.0,27666.67
140,3,1,1,1,Jordan,7700000000.0,256666.67
35,1,1,1,0,Salsabil,780000000.0,26000.0
140,3,1,1,1,Saadat Abad,8000000000.0,266666.67
70,2,1,1,1,Punak,2800000000.0,93333.33
135,2,1,1,1,Ekhtiarieh,8100000000.0,270000.0
50,1,1,1,0,Azarbaijan,1250000000.0,41666.67
47,1,1,1,0,Salsabil,1050000000.0,35000.0
82,2,0,0,1,Parand,455000000.0,15166.67
65,2,0,1,0,Feiz Garden,1900000000.0,63333.33
58,1,0,1,0,Azarbaijan,1270000000.0,42333.33
124,3,1,1,1,Gheitarieh,7700000000.0,256666.67
110,2,1,1,1,Gheitarieh,8660000000.0,288666.67
240,3,1,1,0,Elahieh,34560000000.0,1152000.0
130,1,1,1,1,Ostad Moein,1280000000.0,42666.67
101,2,1,1,1,Jordan,5200000000.0,173333.33
150,3,1,1,0,Elahieh,11760000000.0,392000.0
205,3,1,1,1,Farmanieh,20000000000.0,666666.67
85,2,1,1,1,Shahr-e-Ziba,2900000000.0,96666.67
104,2,0,0,0,Shahran,4080000000.0,136000.0
165,3,1,1,1,Shahrake Gharb,18150000000.0,605000.0
71,2,0,1,1,Shahr-e-Ziba,2150000000.0,71666.67
102,2,1,1,1,Shahran,4000000000.0,133333.33
80,1,0,1,0,Shahrake Qods,550000000.0,18333.33
135,3,1,1,1,Saadat Abad,9000000000.0,300000.0
80,2,1,1,0,Shahr-e-Ziba,2480000000.0,82666.67
60,1,0,0,0,Parand,300000000.0,10000.0
108,2,1,1,1,Saadat Abad,8600000000.0,286666.67
78,2,0,0,0,Parand,780000000.0,26000.0
160,5,1,1,0,Yousef Abad,18000000000.0,600000.0
135,3,1,1,1,West Pars,5600000000.0,186666.67
68,2,1,1,1,Punak,2150000000.0,71666.67
77,2,1,1,1,Jeyhoon,1680000000.0,56000.0
84,2,0,1,1,Vahidiyeh,588000000.0,19600.0
55,1,1,1,1,Andisheh,797500000.0,26583.33
120,3,1,1,1,Persian Gulf Martyrs Lake,295000000.0,9833.33
60,1,1,1,1,Persian Gulf Martyrs Lake,295000000.0,9833.33
144,3,1,1,1,Gheitarieh,7250000000.0,241666.67
110,3,1,1,1,Ozgol,6550000000.0,218333.33
65,2,0,1,0,Punak,1900000000.0,63333.33
69,2,1,1,0,Andisheh,980000000.0,32666.67
180,2,1,1,0,Parand,2100000000.0,70000.0
130,2,0,1,0,Narmak,6300000000.0,210000.0
82,2,1,1,1,Gheitarieh,7000000000.0,233333.33
68,1,1,0,1,Ahang,1400000000.0,46666.67
94,2,0,0,1,Parand,680000000.0,22666.67
63,1,1,1,1,Punak,2200000000.0,73333.33
155,3,1,1,1,Jordan,13950000000.0,465000.0
138,3,1,1,1,Jordan,9500000000.0,316666.67
135,3,1,1,1,Azarbaijan,3440000000.0,114666.67
175,3,1,1,1,Kook,10500000000.0,350000.0
285,4,1,1,1,Shahrake Gharb,28500000000.0,950000.0
115,2,1,1,1,Shahrake Gharb,12000000000.0,400000.0
89,3,1,1,1,Parand,430000000.0,14333.33
65,1,1,1,1,Parand,340000000.0,11333.33
82,2,1,1,1,Central Janatabad,3000000000.0,100000.0
60,2,0,1,1,Vahidieh,1280000000.0,42666.67
66,2,0,1,0,Afsarieh,1120000000.0,37333.33
46,1,1,1,1,Shahran,1700000000.0,56666.67
73,2,1,1,1,Southern Janatabad,3060000000.0,102000.0
65,2,1,1,0,West Pars,1950000000.0,65000.0
80,2,1,1,1,Southern Janatabad,3000000000.0,100000.0
80,2,1,1,1,Central Janatabad,3000000000.0,100000.0
150,3,1,1,1,Niavaran,11000000000.0,366666.67
74,1,0,1,1,Parand,480000000.0,16000.0
92,2,1,1,1,Feiz Garden,3350000000.0,111666.67
110,2,1,1,1,Pasdaran,8800000000.0,293333.33
197,3,1,1,1,Marzdaran,15563000000.0,518766.67
78,2,1,1,1,Farmanieh,7200000000.0,240000.0
112,2,1,1,1,Mahmoudieh,8400000000.0,280000.0
128,3,1,1,1,Marzdaran,6700000000.0,223333.33
120,2,1,1,1,Niavaran,9000000000.0,300000.0
95,2,1,1,1,Southern Janatabad,3300000000.0,110000.0
71,2,1,1,0,West Ferdows Boulevard,2000000000.0,66666.67
40,1,0,1,0,Salsabil,630000000.0,21000.0
84,2,1,1,1,Salsabil,1900000000.0,63333.33
58,1,0,1,0,Salsabil,715000000.0,23833.33
90,2,1,1,1,Southern Janatabad,3350000000.0,111666.67
200,2,0,0,0,Rudhen,2850000000.0,95000.0
80,2,1,1,1,Qasr-od-Dasht,1800000000.0,60000.0
86,2,1,1,1,Amirieh,1980000000.0,66000.0
54,1,1,1,1,West Ferdows Boulevard,22500000003.0,750000.0
105,3,1,1,1,East Ferdows Boulevard,5830000000.0,194333.33
186,3,1,1,1,Pasdaran,9300000000.0,310000.0
90,2,1,1,1,Southern Janatabad,3350000000.0,111666.67
84,2,1,1,1,Islamshahr,855000000.0,28500.0
63,3,0,1,0,Javadiyeh,1450000000.0,48333.33
105,2,1,1,1,Southern Janatabad,3500000000.0,116666.67
93,2,1,1,1,Saadat Abad,3900000000.0,130000.0
135,3,1,1,1,Saadat Abad,7500000000.0,250000.0
100,2,1,1,1,Saadat Abad,4480000000.0,149333.33
90,2,1,1,1,Saadat Abad,5250000000.0,175000.0
82,2,1,1,1,Shahran,3600000000.0,120000.0
90,2,1,0,1,Shahran,3150000000.0,105000.0
45,1,0,0,1,Si Metri Ji,8900000000.0,296666.67
107,2,1,1,1,Mirdamad,7597000000.0,253233.33
65,1,1,1,1,Jeyhoon,1725000000.0,57500.0
66,2,0,1,0,Yakhchiabad,1000000000.0,33333.33
63,3,1,1,0,Shoosh,1200000000.0,40000.0
52,1,1,0,0,Jeyhoon,1200000000.0,40000.0
58,1,0,0,1,Parand,246000000.0,8200.0
140,3,1,1,1,Daryan No,6300000000.0,210000.0
186,3,1,1,1,Velenjak,15000000000.0,500000.0
114,2,1,1,1,Persian Gulf Martyrs Lake,4000000000.0,133333.33
180,3,1,1,1,Kamranieh,14000000000.0,466666.67
120,3,1,1,1,Sattarkhan,5400000000.0,180000.0
92,2,1,1,1,Shahran,3220000000.0,107333.33
68,2,0,1,1,Waterfall,1000000000.0,33333.33
85,2,0,1,1,Central Janatabad,3200000000.0,106666.67
118,2,1,1,1,Mehran,7080000000.0,236000.0
60,1,1,1,0,West Ferdows Boulevard,1860000000.0,62000.0
86,2,0,1,0,Vahidiyeh,520000000.0,17333.33
148,3,1,1,1,Daryan No,6000000000.0,200000.0
58,1,0,0,1,Parand,325000000.0,10833.33
60,1,1,1,1,West Ferdows Boulevard,1950000000.0,65000.0
94,2,0,1,1,Damavand,595000000.0,19833.33
61,2,0,1,0,Andisheh,460000000.0,15333.33
81,2,1,1,1,West Ferdows Boulevard,4455000000.0,148500.0
97,2,1,1,1,Shahran,2700000000.0,90000.0
113,3,1,1,1,Ostad Moein,3170000000.0,105666.67
86,2,1,1,1,Southern Janatabad,3500000000.0,116666.67
75,2,0,0,0,Parand,365000000.0,12166.67
82,2,0,1,1,Parand,360000000.0,12000.0
